"file","caption","alt_text","category","png_time","StartTime"
"bio1_sizeatage.png","Length at age in the beginning of the year (or season) in the ending year of the model. Shaded area indicates 95% distribution of length at age around estimated growth curve.",NA,"Bio",2025-08-18 03:26:50.53114,"StartTime: Sun Aug 17 19:52:23 2025"
"bio2_sizeatage_plus_CV_and_SD.png","Length at age (top-left panel) with CV (thick line) and SD (thin line) of length at age shown in top-right and lower-left panels",NA,"Bio",2025-08-18 03:26:50.53114,"StartTime: Sun Aug 17 19:52:23 2025"
"bio3_sizeatage_plus_WT_and_MAT.png","Length at age (top-left panel) with weight (thick line) and maturity (thin line) shown in top-right and lower-left panels",NA,"Bio",2025-08-18 03:26:50.53114,"StartTime: Sun Aug 17 19:52:23 2025"
"bio1B_len_at_age_matrix_1.png","Distribution of length at age for seas: 1 sub_seas: 1 morph: 1",NA,"Bio",2025-08-18 03:26:50.53114,"StartTime: Sun Aug 17 19:52:23 2025"
"bio1B_len_at_age_matrix_2.png","Distribution of length at age for seas: 1 sub_seas: 1 morph: 2",NA,"Bio",2025-08-18 03:26:50.53114,"StartTime: Sun Aug 17 19:52:23 2025"
"bio1B_len_at_age_matrix_3.png","Distribution of length at age for seas: 1 sub_seas: 1 morph: 3",NA,"Bio",2025-08-18 03:26:50.53114,"StartTime: Sun Aug 17 19:52:23 2025"
"bio1B_len_at_age_matrix_4.png","Distribution of length at age for seas: 1 sub_seas: 1 morph: 4",NA,"Bio",2025-08-18 03:26:50.53114,"StartTime: Sun Aug 17 19:52:23 2025"
"bio1B_len_at_age_matrix_5.png","Distribution of length at age for seas: 1 sub_seas: 1 morph: 5",NA,"Bio",2025-08-18 03:26:50.53114,"StartTime: Sun Aug 17 19:52:23 2025"
"bio1B_len_at_age_matrix_6.png","Distribution of length at age for seas: 1 sub_seas: 1 morph: 6",NA,"Bio",2025-08-18 03:26:50.53114,"StartTime: Sun Aug 17 19:52:23 2025"
"bio1B_len_at_age_matrix_7.png","Distribution of length at age for seas: 1 sub_seas: 1 morph: 7",NA,"Bio",2025-08-18 03:26:50.53114,"StartTime: Sun Aug 17 19:52:23 2025"
"bio1B_len_at_age_matrix_8.png","Distribution of length at age for seas: 1 sub_seas: 1 morph: 8",NA,"Bio",2025-08-18 03:26:50.53114,"StartTime: Sun Aug 17 19:52:23 2025"
"bio1B_len_at_age_matrix_9.png","Distribution of length at age for seas: 1 sub_seas: 2 morph: 1",NA,"Bio",2025-08-18 03:26:50.53114,"StartTime: Sun Aug 17 19:52:23 2025"
"bio1B_len_at_age_matrix_10.png","Distribution of length at age for seas: 1 sub_seas: 2 morph: 2",NA,"Bio",2025-08-18 03:26:50.53114,"StartTime: Sun Aug 17 19:52:23 2025"
"bio1B_len_at_age_matrix_11.png","Distribution of length at age for seas: 1 sub_seas: 2 morph: 3",NA,"Bio",2025-08-18 03:26:50.53114,"StartTime: Sun Aug 17 19:52:23 2025"
"bio1B_len_at_age_matrix_12.png","Distribution of length at age for seas: 1 sub_seas: 2 morph: 4",NA,"Bio",2025-08-18 03:26:50.53114,"StartTime: Sun Aug 17 19:52:23 2025"
"bio1B_len_at_age_matrix_13.png","Distribution of length at age for seas: 1 sub_seas: 2 morph: 5",NA,"Bio",2025-08-18 03:26:50.53114,"StartTime: Sun Aug 17 19:52:23 2025"
"bio1B_len_at_age_matrix_14.png","Distribution of length at age for seas: 1 sub_seas: 2 morph: 6",NA,"Bio",2025-08-18 03:26:50.53114,"StartTime: Sun Aug 17 19:52:23 2025"
"bio1B_len_at_age_matrix_15.png","Distribution of length at age for seas: 1 sub_seas: 2 morph: 7",NA,"Bio",2025-08-18 03:26:50.53114,"StartTime: Sun Aug 17 19:52:23 2025"
"bio1B_len_at_age_matrix_16.png","Distribution of length at age for seas: 1 sub_seas: 2 morph: 8",NA,"Bio",2025-08-18 03:26:50.53114,"StartTime: Sun Aug 17 19:52:23 2025"
"bio1B_len_at_age_matrix_17.png","Distribution of length at age for seas: 2 sub_seas: 1 morph: 1",NA,"Bio",2025-08-18 03:26:50.53114,"StartTime: Sun Aug 17 19:52:23 2025"
"bio1B_len_at_age_matrix_18.png","Distribution of length at age for seas: 2 sub_seas: 1 morph: 2",NA,"Bio",2025-08-18 03:26:50.53114,"StartTime: Sun Aug 17 19:52:23 2025"
"bio1B_len_at_age_matrix_19.png","Distribution of length at age for seas: 2 sub_seas: 1 morph: 3",NA,"Bio",2025-08-18 03:26:50.53114,"StartTime: Sun Aug 17 19:52:23 2025"
"bio1B_len_at_age_matrix_20.png","Distribution of length at age for seas: 2 sub_seas: 1 morph: 4",NA,"Bio",2025-08-18 03:26:50.53114,"StartTime: Sun Aug 17 19:52:23 2025"
"bio1B_len_at_age_matrix_21.png","Distribution of length at age for seas: 2 sub_seas: 1 morph: 5",NA,"Bio",2025-08-18 03:26:50.53114,"StartTime: Sun Aug 17 19:52:23 2025"
"bio1B_len_at_age_matrix_22.png","Distribution of length at age for seas: 2 sub_seas: 1 morph: 6",NA,"Bio",2025-08-18 03:26:50.53114,"StartTime: Sun Aug 17 19:52:23 2025"
"bio1B_len_at_age_matrix_23.png","Distribution of length at age for seas: 2 sub_seas: 1 morph: 7",NA,"Bio",2025-08-18 03:26:50.53114,"StartTime: Sun Aug 17 19:52:23 2025"
"bio1B_len_at_age_matrix_24.png","Distribution of length at age for seas: 2 sub_seas: 1 morph: 8",NA,"Bio",2025-08-18 03:26:50.53114,"StartTime: Sun Aug 17 19:52:23 2025"
"bio1B_len_at_age_matrix_25.png","Distribution of length at age for seas: 2 sub_seas: 2 morph: 1",NA,"Bio",2025-08-18 03:26:50.53114,"StartTime: Sun Aug 17 19:52:23 2025"
"bio1B_len_at_age_matrix_26.png","Distribution of length at age for seas: 2 sub_seas: 2 morph: 2",NA,"Bio",2025-08-18 03:26:50.53114,"StartTime: Sun Aug 17 19:52:23 2025"
"bio1B_len_at_age_matrix_27.png","Distribution of length at age for seas: 2 sub_seas: 2 morph: 3",NA,"Bio",2025-08-18 03:26:50.53114,"StartTime: Sun Aug 17 19:52:23 2025"
"bio1B_len_at_age_matrix_28.png","Distribution of length at age for seas: 2 sub_seas: 2 morph: 4",NA,"Bio",2025-08-18 03:26:50.53114,"StartTime: Sun Aug 17 19:52:23 2025"
"bio1B_len_at_age_matrix_29.png","Distribution of length at age for seas: 2 sub_seas: 2 morph: 5",NA,"Bio",2025-08-18 03:26:50.53114,"StartTime: Sun Aug 17 19:52:23 2025"
"bio1B_len_at_age_matrix_30.png","Distribution of length at age for seas: 2 sub_seas: 2 morph: 6",NA,"Bio",2025-08-18 03:26:50.53114,"StartTime: Sun Aug 17 19:52:23 2025"
"bio1B_len_at_age_matrix_31.png","Distribution of length at age for seas: 2 sub_seas: 2 morph: 7",NA,"Bio",2025-08-18 03:26:50.53114,"StartTime: Sun Aug 17 19:52:23 2025"
"bio1B_len_at_age_matrix_32.png","Distribution of length at age for seas: 2 sub_seas: 2 morph: 8",NA,"Bio",2025-08-18 03:26:50.53114,"StartTime: Sun Aug 17 19:52:23 2025"
"bio1B_len_at_age_matrix_33.png","Distribution of length at age for seas: 3 sub_seas: 1 morph: 1",NA,"Bio",2025-08-18 03:26:50.53114,"StartTime: Sun Aug 17 19:52:23 2025"
"bio1B_len_at_age_matrix_34.png","Distribution of length at age for seas: 3 sub_seas: 1 morph: 2",NA,"Bio",2025-08-18 03:26:50.53114,"StartTime: Sun Aug 17 19:52:23 2025"
"bio1B_len_at_age_matrix_35.png","Distribution of length at age for seas: 3 sub_seas: 1 morph: 3",NA,"Bio",2025-08-18 03:26:50.53114,"StartTime: Sun Aug 17 19:52:23 2025"
"bio1B_len_at_age_matrix_36.png","Distribution of length at age for seas: 3 sub_seas: 1 morph: 4",NA,"Bio",2025-08-18 03:26:50.53114,"StartTime: Sun Aug 17 19:52:23 2025"
"bio1B_len_at_age_matrix_37.png","Distribution of length at age for seas: 3 sub_seas: 1 morph: 5",NA,"Bio",2025-08-18 03:26:50.53114,"StartTime: Sun Aug 17 19:52:23 2025"
"bio1B_len_at_age_matrix_38.png","Distribution of length at age for seas: 3 sub_seas: 1 morph: 6",NA,"Bio",2025-08-18 03:26:50.53114,"StartTime: Sun Aug 17 19:52:23 2025"
"bio1B_len_at_age_matrix_39.png","Distribution of length at age for seas: 3 sub_seas: 1 morph: 7",NA,"Bio",2025-08-18 03:26:50.53114,"StartTime: Sun Aug 17 19:52:23 2025"
"bio1B_len_at_age_matrix_40.png","Distribution of length at age for seas: 3 sub_seas: 1 morph: 8",NA,"Bio",2025-08-18 03:26:50.53114,"StartTime: Sun Aug 17 19:52:23 2025"
"bio1B_len_at_age_matrix_41.png","Distribution of length at age for seas: 3 sub_seas: 2 morph: 1",NA,"Bio",2025-08-18 03:26:50.53114,"StartTime: Sun Aug 17 19:52:23 2025"
"bio1B_len_at_age_matrix_42.png","Distribution of length at age for seas: 3 sub_seas: 2 morph: 2",NA,"Bio",2025-08-18 03:26:50.53114,"StartTime: Sun Aug 17 19:52:23 2025"
"bio1B_len_at_age_matrix_43.png","Distribution of length at age for seas: 3 sub_seas: 2 morph: 3",NA,"Bio",2025-08-18 03:26:50.53114,"StartTime: Sun Aug 17 19:52:23 2025"
"bio1B_len_at_age_matrix_44.png","Distribution of length at age for seas: 3 sub_seas: 2 morph: 4",NA,"Bio",2025-08-18 03:26:50.53114,"StartTime: Sun Aug 17 19:52:23 2025"
"bio1B_len_at_age_matrix_45.png","Distribution of length at age for seas: 3 sub_seas: 2 morph: 5",NA,"Bio",2025-08-18 03:26:50.53114,"StartTime: Sun Aug 17 19:52:23 2025"
"bio1B_len_at_age_matrix_46.png","Distribution of length at age for seas: 3 sub_seas: 2 morph: 6",NA,"Bio",2025-08-18 03:26:50.53114,"StartTime: Sun Aug 17 19:52:23 2025"
"bio1B_len_at_age_matrix_47.png","Distribution of length at age for seas: 3 sub_seas: 2 morph: 7",NA,"Bio",2025-08-18 03:26:50.53114,"StartTime: Sun Aug 17 19:52:23 2025"
"bio1B_len_at_age_matrix_48.png","Distribution of length at age for seas: 3 sub_seas: 2 morph: 8",NA,"Bio",2025-08-18 03:26:50.53114,"StartTime: Sun Aug 17 19:52:23 2025"
"bio1B_len_at_age_matrix_49.png","Distribution of length at age for seas: 4 sub_seas: 1 morph: 1",NA,"Bio",2025-08-18 03:26:50.53114,"StartTime: Sun Aug 17 19:52:23 2025"
"bio1B_len_at_age_matrix_50.png","Distribution of length at age for seas: 4 sub_seas: 1 morph: 2",NA,"Bio",2025-08-18 03:26:50.53114,"StartTime: Sun Aug 17 19:52:23 2025"
"bio1B_len_at_age_matrix_51.png","Distribution of length at age for seas: 4 sub_seas: 1 morph: 3",NA,"Bio",2025-08-18 03:26:50.53114,"StartTime: Sun Aug 17 19:52:23 2025"
"bio1B_len_at_age_matrix_52.png","Distribution of length at age for seas: 4 sub_seas: 1 morph: 4",NA,"Bio",2025-08-18 03:26:50.53114,"StartTime: Sun Aug 17 19:52:23 2025"
"bio1B_len_at_age_matrix_53.png","Distribution of length at age for seas: 4 sub_seas: 1 morph: 5",NA,"Bio",2025-08-18 03:26:50.53114,"StartTime: Sun Aug 17 19:52:23 2025"
"bio1B_len_at_age_matrix_54.png","Distribution of length at age for seas: 4 sub_seas: 1 morph: 6",NA,"Bio",2025-08-18 03:26:50.53114,"StartTime: Sun Aug 17 19:52:23 2025"
"bio1B_len_at_age_matrix_55.png","Distribution of length at age for seas: 4 sub_seas: 1 morph: 7",NA,"Bio",2025-08-18 03:26:50.53114,"StartTime: Sun Aug 17 19:52:23 2025"
"bio1B_len_at_age_matrix_56.png","Distribution of length at age for seas: 4 sub_seas: 1 morph: 8",NA,"Bio",2025-08-18 03:26:50.53114,"StartTime: Sun Aug 17 19:52:23 2025"
"bio1B_len_at_age_matrix_57.png","Distribution of length at age for seas: 4 sub_seas: 2 morph: 1",NA,"Bio",2025-08-18 03:26:50.53114,"StartTime: Sun Aug 17 19:52:23 2025"
"bio1B_len_at_age_matrix_58.png","Distribution of length at age for seas: 4 sub_seas: 2 morph: 2",NA,"Bio",2025-08-18 03:26:50.53114,"StartTime: Sun Aug 17 19:52:23 2025"
"bio1B_len_at_age_matrix_59.png","Distribution of length at age for seas: 4 sub_seas: 2 morph: 3",NA,"Bio",2025-08-18 03:26:50.53114,"StartTime: Sun Aug 17 19:52:23 2025"
"bio1B_len_at_age_matrix_60.png","Distribution of length at age for seas: 4 sub_seas: 2 morph: 4",NA,"Bio",2025-08-18 03:26:50.53114,"StartTime: Sun Aug 17 19:52:23 2025"
"bio1B_len_at_age_matrix_61.png","Distribution of length at age for seas: 4 sub_seas: 2 morph: 5",NA,"Bio",2025-08-18 03:26:50.53114,"StartTime: Sun Aug 17 19:52:23 2025"
"bio1B_len_at_age_matrix_62.png","Distribution of length at age for seas: 4 sub_seas: 2 morph: 6",NA,"Bio",2025-08-18 03:26:50.53114,"StartTime: Sun Aug 17 19:52:23 2025"
"bio1B_len_at_age_matrix_63.png","Distribution of length at age for seas: 4 sub_seas: 2 morph: 7",NA,"Bio",2025-08-18 03:26:50.53114,"StartTime: Sun Aug 17 19:52:23 2025"
"bio1B_len_at_age_matrix_64.png","Distribution of length at age for seas: 4 sub_seas: 2 morph: 8",NA,"Bio",2025-08-18 03:26:50.53114,"StartTime: Sun Aug 17 19:52:23 2025"
"bio5_weightatsize.png","Weight-length relationship",NA,"Bio",2025-08-18 03:26:50.53114,"StartTime: Sun Aug 17 19:52:23 2025"
"bio6_maturity.png","Maturity at age",NA,"Bio",2025-08-18 03:26:50.53114,"StartTime: Sun Aug 17 19:52:23 2025"
"bio7_fecundity.png","Fecundity",NA,"Bio",2025-08-18 03:26:50.53114,"StartTime: Sun Aug 17 19:52:23 2025"
"bio8_fecundity_wt.png","Fecundity as a function of weight",NA,"Bio",2025-08-18 03:26:50.53114,"StartTime: Sun Aug 17 19:52:23 2025"
"bio9_fecundity_len.png","Fecundity as a function of length",NA,"Bio",2025-08-18 03:26:50.53114,"StartTime: Sun Aug 17 19:52:23 2025"
"bio10_spawningoutput_len.png","Spawning output at length. This is the product of maturity and fecundity unless maturity is age-based, in which case only fecundity is represented.",NA,"Bio",2025-08-18 03:26:50.53114,"StartTime: Sun Aug 17 19:52:23 2025"
"bio11_spawningoutput_age.png","Spawning output at age. This is the product of maturity and fecundity. When these processes are length-based they are converted into the age dimension using the matrix of length at age.",NA,"Bio",2025-08-18 03:26:50.53114,"StartTime: Sun Aug 17 19:52:23 2025"
"bio21_natmort.png","Natural mortality at age",NA,"Bio",2025-08-18 03:26:50.53114,"StartTime: Sun Aug 17 19:52:23 2025"
"sel01_multiple_fleets_length1.png","Selectivity at length for multiple fleets.",NA,"Sel",2025-08-18 03:26:50.53114,"StartTime: Sun Aug 17 19:52:23 2025"
"sel02_multiple_fleets_age1.png","Selectivity at age derived from selectivity at length for multiple fleets.",NA,"Sel",2025-08-18 03:26:50.53114,"StartTime: Sun Aug 17 19:52:23 2025"
"sel09_len_flt1sex1.png","Female ending year selectivity for 01.DW.1N",NA,"Sel",2025-08-18 03:26:50.53114,"StartTime: Sun Aug 17 19:52:23 2025"
"sel09_len_flt1sex2.png","Male ending year selectivity for 01.DW.1N",NA,"Sel",2025-08-18 03:26:50.53114,"StartTime: Sun Aug 17 19:52:23 2025"
"sel09_len_flt2sex1.png","Female ending year selectivity for 02.DW.1C",NA,"Sel",2025-08-18 03:26:50.53114,"StartTime: Sun Aug 17 19:52:23 2025"
"sel09_len_flt2sex2.png","Male ending year selectivity for 02.DW.1C",NA,"Sel",2025-08-18 03:26:50.53114,"StartTime: Sun Aug 17 19:52:23 2025"
"sel09_len_flt3sex1.png","Female ending year selectivity for 03.DW.1S",NA,"Sel",2025-08-18 03:26:50.53114,"StartTime: Sun Aug 17 19:52:23 2025"
"sel09_len_flt3sex2.png","Male ending year selectivity for 03.DW.1S",NA,"Sel",2025-08-18 03:26:50.53114,"StartTime: Sun Aug 17 19:52:23 2025"
"sel09_len_flt4sex1.png","Female ending year selectivity for 04.AU.1N",NA,"Sel",2025-08-18 03:26:50.53114,"StartTime: Sun Aug 17 19:52:23 2025"
"sel09_len_flt4sex2.png","Male ending year selectivity for 04.AU.1N",NA,"Sel",2025-08-18 03:26:50.53114,"StartTime: Sun Aug 17 19:52:23 2025"
"sel09_len_flt5sex1.png","Female ending year selectivity for 05.AU.1C",NA,"Sel",2025-08-18 03:26:50.53114,"StartTime: Sun Aug 17 19:52:23 2025"
"sel09_len_flt5sex2.png","Male ending year selectivity for 05.AU.1C",NA,"Sel",2025-08-18 03:26:50.53114,"StartTime: Sun Aug 17 19:52:23 2025"
"sel09_len_flt6sex1.png","Female ending year selectivity for 06.AU.1S",NA,"Sel",2025-08-18 03:26:50.53114,"StartTime: Sun Aug 17 19:52:23 2025"
"sel09_len_flt6sex2.png","Male ending year selectivity for 06.AU.1S",NA,"Sel",2025-08-18 03:26:50.53114,"StartTime: Sun Aug 17 19:52:23 2025"
"sel09_len_flt7sex1.png","Female ending year selectivity for 07.EU.1C",NA,"Sel",2025-08-18 03:26:50.53114,"StartTime: Sun Aug 17 19:52:23 2025"
"sel09_len_flt7sex2.png","Male ending year selectivity for 07.EU.1C",NA,"Sel",2025-08-18 03:26:50.53114,"StartTime: Sun Aug 17 19:52:23 2025"
"sel09_len_flt8sex1.png","Female ending year selectivity for 08.PICT.1N",NA,"Sel",2025-08-18 03:26:50.53114,"StartTime: Sun Aug 17 19:52:23 2025"
"sel09_len_flt8sex2.png","Male ending year selectivity for 08.PICT.1N",NA,"Sel",2025-08-18 03:26:50.53114,"StartTime: Sun Aug 17 19:52:23 2025"
"sel09_len_flt9sex1.png","Female ending year selectivity for 09.PICT.1C",NA,"Sel",2025-08-18 03:26:50.53114,"StartTime: Sun Aug 17 19:52:23 2025"
"sel09_len_flt9sex2.png","Male ending year selectivity for 09.PICT.1C",NA,"Sel",2025-08-18 03:26:50.53114,"StartTime: Sun Aug 17 19:52:23 2025"
"sel09_len_flt10sex1.png","Female ending year selectivity for 10.DW.2N",NA,"Sel",2025-08-18 03:26:50.53114,"StartTime: Sun Aug 17 19:52:23 2025"
"sel09_len_flt10sex2.png","Male ending year selectivity for 10.DW.2N",NA,"Sel",2025-08-18 03:26:50.53114,"StartTime: Sun Aug 17 19:52:23 2025"
"sel09_len_flt11sex1.png","Female ending year selectivity for 11.DW.2C",NA,"Sel",2025-08-18 03:26:50.53114,"StartTime: Sun Aug 17 19:52:23 2025"
"sel09_len_flt11sex2.png","Male ending year selectivity for 11.DW.2C",NA,"Sel",2025-08-18 03:26:50.53114,"StartTime: Sun Aug 17 19:52:23 2025"
"sel09_len_flt12sex1.png","Female ending year selectivity for 12.DW.2S",NA,"Sel",2025-08-18 03:26:50.53114,"StartTime: Sun Aug 17 19:52:23 2025"
"sel09_len_flt12sex2.png","Male ending year selectivity for 12.DW.2S",NA,"Sel",2025-08-18 03:26:50.53114,"StartTime: Sun Aug 17 19:52:23 2025"
"sel09_len_flt13sex1.png","Female ending year selectivity for 13.NZ.2C",NA,"Sel",2025-08-18 03:26:50.53114,"StartTime: Sun Aug 17 19:52:23 2025"
"sel09_len_flt13sex2.png","Male ending year selectivity for 13.NZ.2C",NA,"Sel",2025-08-18 03:26:50.53114,"StartTime: Sun Aug 17 19:52:23 2025"
"sel09_len_flt14sex1.png","Female ending year selectivity for 14.NZ.2S",NA,"Sel",2025-08-18 03:26:50.53114,"StartTime: Sun Aug 17 19:52:23 2025"
"sel09_len_flt14sex2.png","Male ending year selectivity for 14.NZ.2S",NA,"Sel",2025-08-18 03:26:50.53114,"StartTime: Sun Aug 17 19:52:23 2025"
"sel09_len_flt15sex1.png","Female ending year selectivity for 15.EU.2N",NA,"Sel",2025-08-18 03:26:50.53114,"StartTime: Sun Aug 17 19:52:23 2025"
"sel09_len_flt15sex2.png","Male ending year selectivity for 15.EU.2N",NA,"Sel",2025-08-18 03:26:50.53114,"StartTime: Sun Aug 17 19:52:23 2025"
"sel09_len_flt16sex1.png","Female ending year selectivity for 16.EU.2C",NA,"Sel",2025-08-18 03:26:50.53114,"StartTime: Sun Aug 17 19:52:23 2025"
"sel09_len_flt16sex2.png","Male ending year selectivity for 16.EU.2C",NA,"Sel",2025-08-18 03:26:50.53114,"StartTime: Sun Aug 17 19:52:23 2025"
"sel09_len_flt17sex1.png","Female ending year selectivity for 17.EU.2S",NA,"Sel",2025-08-18 03:26:50.53114,"StartTime: Sun Aug 17 19:52:23 2025"
"sel09_len_flt17sex2.png","Male ending year selectivity for 17.EU.2S",NA,"Sel",2025-08-18 03:26:50.53114,"StartTime: Sun Aug 17 19:52:23 2025"
"sel09_len_flt18sex1.png","Female ending year selectivity for 18.PICT.2N",NA,"Sel",2025-08-18 03:26:50.53114,"StartTime: Sun Aug 17 19:52:23 2025"
"sel09_len_flt18sex2.png","Male ending year selectivity for 18.PICT.2N",NA,"Sel",2025-08-18 03:26:50.53114,"StartTime: Sun Aug 17 19:52:23 2025"
"sel09_len_flt19sex1.png","Female ending year selectivity for 19.PICT.2C",NA,"Sel",2025-08-18 03:26:50.53114,"StartTime: Sun Aug 17 19:52:23 2025"
"sel09_len_flt19sex2.png","Male ending year selectivity for 19.PICT.2C",NA,"Sel",2025-08-18 03:26:50.53114,"StartTime: Sun Aug 17 19:52:23 2025"
"sel09_len_flt20sex1.png","Female ending year selectivity for 20.IDX.AU.1",NA,"Sel",2025-08-18 03:26:50.53114,"StartTime: Sun Aug 17 19:52:23 2025"
"sel09_len_flt20sex2.png","Male ending year selectivity for 20.IDX.AU.1",NA,"Sel",2025-08-18 03:26:50.53114,"StartTime: Sun Aug 17 19:52:23 2025"
"sel09_len_flt21sex1.png","Female ending year selectivity for 21.IDX.NZ.2",NA,"Sel",2025-08-18 03:26:50.53114,"StartTime: Sun Aug 17 19:52:23 2025"
"sel09_len_flt21sex2.png","Male ending year selectivity for 21.IDX.NZ.2",NA,"Sel",2025-08-18 03:26:50.53114,"StartTime: Sun Aug 17 19:52:23 2025"
"sel21_agelen_contour_flt1sex1.png","Female ending year selectivity and growth for 01.DW.1N",NA,"Sel",2025-08-18 03:26:50.53114,"StartTime: Sun Aug 17 19:52:23 2025"
"sel21_agelen_contour_flt1sex2.png","Male ending year selectivity and growth for 01.DW.1N",NA,"Sel",2025-08-18 03:26:50.53114,"StartTime: Sun Aug 17 19:52:23 2025"
"sel21_agelen_contour_flt2sex1.png","Female ending year selectivity and growth for 02.DW.1C",NA,"Sel",2025-08-18 03:26:50.53114,"StartTime: Sun Aug 17 19:52:23 2025"
"sel21_agelen_contour_flt2sex2.png","Male ending year selectivity and growth for 02.DW.1C",NA,"Sel",2025-08-18 03:26:50.53114,"StartTime: Sun Aug 17 19:52:23 2025"
"sel21_agelen_contour_flt3sex1.png","Female ending year selectivity and growth for 03.DW.1S",NA,"Sel",2025-08-18 03:26:50.53114,"StartTime: Sun Aug 17 19:52:23 2025"
"sel21_agelen_contour_flt3sex2.png","Male ending year selectivity and growth for 03.DW.1S",NA,"Sel",2025-08-18 03:26:50.53114,"StartTime: Sun Aug 17 19:52:23 2025"
"sel21_agelen_contour_flt4sex1.png","Female ending year selectivity and growth for 04.AU.1N",NA,"Sel",2025-08-18 03:26:50.53114,"StartTime: Sun Aug 17 19:52:23 2025"
"sel21_agelen_contour_flt4sex2.png","Male ending year selectivity and growth for 04.AU.1N",NA,"Sel",2025-08-18 03:26:50.53114,"StartTime: Sun Aug 17 19:52:23 2025"
"sel21_agelen_contour_flt5sex1.png","Female ending year selectivity and growth for 05.AU.1C",NA,"Sel",2025-08-18 03:26:50.53114,"StartTime: Sun Aug 17 19:52:23 2025"
"sel21_agelen_contour_flt5sex2.png","Male ending year selectivity and growth for 05.AU.1C",NA,"Sel",2025-08-18 03:26:50.53114,"StartTime: Sun Aug 17 19:52:23 2025"
"sel21_agelen_contour_flt6sex1.png","Female ending year selectivity and growth for 06.AU.1S",NA,"Sel",2025-08-18 03:26:50.53114,"StartTime: Sun Aug 17 19:52:23 2025"
"sel21_agelen_contour_flt6sex2.png","Male ending year selectivity and growth for 06.AU.1S",NA,"Sel",2025-08-18 03:26:50.53114,"StartTime: Sun Aug 17 19:52:23 2025"
"sel21_agelen_contour_flt7sex1.png","Female ending year selectivity and growth for 07.EU.1C",NA,"Sel",2025-08-18 03:26:50.53114,"StartTime: Sun Aug 17 19:52:23 2025"
"sel21_agelen_contour_flt7sex2.png","Male ending year selectivity and growth for 07.EU.1C",NA,"Sel",2025-08-18 03:26:50.53114,"StartTime: Sun Aug 17 19:52:23 2025"
"sel21_agelen_contour_flt8sex1.png","Female ending year selectivity and growth for 08.PICT.1N",NA,"Sel",2025-08-18 03:26:50.53114,"StartTime: Sun Aug 17 19:52:23 2025"
"sel21_agelen_contour_flt8sex2.png","Male ending year selectivity and growth for 08.PICT.1N",NA,"Sel",2025-08-18 03:26:50.53114,"StartTime: Sun Aug 17 19:52:23 2025"
"sel21_agelen_contour_flt9sex1.png","Female ending year selectivity and growth for 09.PICT.1C",NA,"Sel",2025-08-18 03:26:50.53114,"StartTime: Sun Aug 17 19:52:23 2025"
"sel21_agelen_contour_flt9sex2.png","Male ending year selectivity and growth for 09.PICT.1C",NA,"Sel",2025-08-18 03:26:50.53114,"StartTime: Sun Aug 17 19:52:23 2025"
"sel21_agelen_contour_flt10sex1.png","Female ending year selectivity and growth for 10.DW.2N",NA,"Sel",2025-08-18 03:26:50.53114,"StartTime: Sun Aug 17 19:52:23 2025"
"sel21_agelen_contour_flt10sex2.png","Male ending year selectivity and growth for 10.DW.2N",NA,"Sel",2025-08-18 03:26:50.53114,"StartTime: Sun Aug 17 19:52:23 2025"
"sel21_agelen_contour_flt11sex1.png","Female ending year selectivity and growth for 11.DW.2C",NA,"Sel",2025-08-18 03:26:50.53114,"StartTime: Sun Aug 17 19:52:23 2025"
"sel21_agelen_contour_flt11sex2.png","Male ending year selectivity and growth for 11.DW.2C",NA,"Sel",2025-08-18 03:26:50.53114,"StartTime: Sun Aug 17 19:52:23 2025"
"sel21_agelen_contour_flt12sex1.png","Female ending year selectivity and growth for 12.DW.2S",NA,"Sel",2025-08-18 03:26:50.53114,"StartTime: Sun Aug 17 19:52:23 2025"
"sel21_agelen_contour_flt12sex2.png","Male ending year selectivity and growth for 12.DW.2S",NA,"Sel",2025-08-18 03:26:50.53114,"StartTime: Sun Aug 17 19:52:23 2025"
"sel21_agelen_contour_flt13sex1.png","Female ending year selectivity and growth for 13.NZ.2C",NA,"Sel",2025-08-18 03:26:50.53114,"StartTime: Sun Aug 17 19:52:23 2025"
"sel21_agelen_contour_flt13sex2.png","Male ending year selectivity and growth for 13.NZ.2C",NA,"Sel",2025-08-18 03:26:50.53114,"StartTime: Sun Aug 17 19:52:23 2025"
"sel21_agelen_contour_flt14sex1.png","Female ending year selectivity and growth for 14.NZ.2S",NA,"Sel",2025-08-18 03:26:50.53114,"StartTime: Sun Aug 17 19:52:23 2025"
"sel21_agelen_contour_flt14sex2.png","Male ending year selectivity and growth for 14.NZ.2S",NA,"Sel",2025-08-18 03:26:50.53114,"StartTime: Sun Aug 17 19:52:23 2025"
"sel21_agelen_contour_flt15sex1.png","Female ending year selectivity and growth for 15.EU.2N",NA,"Sel",2025-08-18 03:26:50.53114,"StartTime: Sun Aug 17 19:52:23 2025"
"sel21_agelen_contour_flt15sex2.png","Male ending year selectivity and growth for 15.EU.2N",NA,"Sel",2025-08-18 03:26:50.53114,"StartTime: Sun Aug 17 19:52:23 2025"
"sel21_agelen_contour_flt16sex1.png","Female ending year selectivity and growth for 16.EU.2C",NA,"Sel",2025-08-18 03:26:50.53114,"StartTime: Sun Aug 17 19:52:23 2025"
"sel21_agelen_contour_flt16sex2.png","Male ending year selectivity and growth for 16.EU.2C",NA,"Sel",2025-08-18 03:26:50.53114,"StartTime: Sun Aug 17 19:52:23 2025"
"sel21_agelen_contour_flt17sex1.png","Female ending year selectivity and growth for 17.EU.2S",NA,"Sel",2025-08-18 03:26:50.53114,"StartTime: Sun Aug 17 19:52:23 2025"
"sel21_agelen_contour_flt17sex2.png","Male ending year selectivity and growth for 17.EU.2S",NA,"Sel",2025-08-18 03:26:50.53114,"StartTime: Sun Aug 17 19:52:23 2025"
"sel21_agelen_contour_flt18sex1.png","Female ending year selectivity and growth for 18.PICT.2N",NA,"Sel",2025-08-18 03:26:50.53114,"StartTime: Sun Aug 17 19:52:23 2025"
"sel21_agelen_contour_flt18sex2.png","Male ending year selectivity and growth for 18.PICT.2N",NA,"Sel",2025-08-18 03:26:50.53114,"StartTime: Sun Aug 17 19:52:23 2025"
"sel21_agelen_contour_flt19sex1.png","Female ending year selectivity and growth for 19.PICT.2C",NA,"Sel",2025-08-18 03:26:50.53114,"StartTime: Sun Aug 17 19:52:23 2025"
"sel21_agelen_contour_flt19sex2.png","Male ending year selectivity and growth for 19.PICT.2C",NA,"Sel",2025-08-18 03:26:50.53114,"StartTime: Sun Aug 17 19:52:23 2025"
"sel21_agelen_contour_flt20sex1.png","Female ending year selectivity and growth for 20.IDX.AU.1",NA,"Sel",2025-08-18 03:26:50.53114,"StartTime: Sun Aug 17 19:52:23 2025"
"sel21_agelen_contour_flt20sex2.png","Male ending year selectivity and growth for 20.IDX.AU.1",NA,"Sel",2025-08-18 03:26:50.53114,"StartTime: Sun Aug 17 19:52:23 2025"
"sel21_agelen_contour_flt21sex1.png","Female ending year selectivity and growth for 21.IDX.NZ.2",NA,"Sel",2025-08-18 03:26:50.53114,"StartTime: Sun Aug 17 19:52:23 2025"
"sel21_agelen_contour_flt21sex2.png","Male ending year selectivity and growth for 21.IDX.NZ.2",NA,"Sel",2025-08-18 03:26:50.53114,"StartTime: Sun Aug 17 19:52:23 2025"
"ts7_Spawning_output.png","Spawning biomass (t)",NA,"Timeseries",2025-08-18 03:26:50.53114,"StartTime: Sun Aug 17 19:52:23 2025"
"ts7_Spawning_output_with_95_intervals.png","Spawning biomass (t) with ~95% asymptotic intervals",NA,"Timeseries",2025-08-18 03:26:50.53114,"StartTime: Sun Aug 17 19:52:23 2025"
"ts8_Spawning_biomass_(t)_by_area.png","Spawning biomass (t) by area",NA,"Timeseries",2025-08-18 03:26:50.53114,"StartTime: Sun Aug 17 19:52:23 2025"
"ts9_Relative_spawning_biomass.png","Relative spawning biomass: B/B_MSY",NA,"Timeseries",2025-08-18 03:26:50.53114,"StartTime: Sun Aug 17 19:52:23 2025"
"ts9_Relative_spawning_biomass_intervals.png","Relative spawning biomass: B/B_MSY with ~95% asymptotic intervals",NA,"Timeseries",2025-08-18 03:26:50.53114,"StartTime: Sun Aug 17 19:52:23 2025"
"ts10_Relative_spawning_biomass.png","Relative spawning biomass: B/B_MSY by area",NA,"Timeseries",2025-08-18 03:26:50.53114,"StartTime: Sun Aug 17 19:52:23 2025"
"ts1_Total_biomass_(t).png","Total biomass (t)",NA,"Timeseries",2025-08-18 03:26:50.53114,"StartTime: Sun Aug 17 19:52:23 2025"
"ts2_Total_biomass_(t)_by_area.png","Total biomass (t) by area",NA,"Timeseries",2025-08-18 03:26:50.53114,"StartTime: Sun Aug 17 19:52:23 2025"
"ts3_Total_biomass_(t)_at_beginning_of_season_1_by_area.png","Total biomass (t) at beginning of season 1 by area",NA,"Timeseries",2025-08-18 03:26:50.53114,"StartTime: Sun Aug 17 19:52:23 2025"
"ts4_Summary_biomass_(t).png","Summary biomass (t)",NA,"Timeseries",2025-08-18 03:26:50.53114,"StartTime: Sun Aug 17 19:52:23 2025"
"ts5_Summary_biomass_(t)_by_area.png","Summary biomass (t) by area",NA,"Timeseries",2025-08-18 03:26:50.53114,"StartTime: Sun Aug 17 19:52:23 2025"
"ts6_Summary_biomass_(t)_at_beginning_of_season_1_by_area.png","Summary biomass (t) at beginning of season 1 by area",NA,"Timeseries",2025-08-18 03:26:50.53114,"StartTime: Sun Aug 17 19:52:23 2025"
"ts11_Age-0_recruits_(1000s).png","Age-0 recruits (1,000s)",NA,"Timeseries",2025-08-18 03:26:50.53114,"StartTime: Sun Aug 17 19:52:23 2025"
"ts11_Age-0_recruits_(1000s)_with_95_asymptotic_intervals.png","Age-0 recruits (1,000s) with ~95% asymptotic intervals",NA,"Timeseries",2025-08-18 03:26:50.53114,"StartTime: Sun Aug 17 19:52:23 2025"
"ts12_Age-0_recruits_(1000s)_by_area.png","Age-0 recruits (1,000s) by area",NA,"Timeseries",2025-08-18 03:26:50.53114,"StartTime: Sun Aug 17 19:52:23 2025"
"ts13_Fraction_of_total_Age-0_recruits_by_area.png","Fraction of total Age-0 recruits by area",NA,"Timeseries",2025-08-18 03:26:50.53114,"StartTime: Sun Aug 17 19:52:23 2025"
"ts14_Age-0_recruits_(1000s)_by_birth_season.png","Age-0 recruits (1,000s) by birth season",NA,"Timeseries",2025-08-18 03:26:50.53114,"StartTime: Sun Aug 17 19:52:23 2025"
"ts15_Fraction_of_total_Age-0_recruits_by_birth_season.png","Fraction of total Age-0 recruits by birth season",NA,"Timeseries",2025-08-18 03:26:50.53114,"StartTime: Sun Aug 17 19:52:23 2025"
"ts_summaryF.png","Summary F (definition of F depends on setting in starter.ss)",NA,"Timeseries",2025-08-18 03:26:50.53114,"StartTime: Sun Aug 17 19:52:23 2025"
"ts_DynamicB0.png","Dynamic B0 plot. The lower line shows the time series of estimated Spawning biomass (t) in the presence of fishing mortality. The upper line shows the time series that could occur under the same dynamics (including deviations in recruitment), but without fishing. The point at the left represents the unfished equilibrium.",NA,"Timeseries",2025-08-18 03:26:50.53114,"StartTime: Sun Aug 17 19:52:23 2025"
"recdevs1_points.png","Recruitment deviations",NA,"RecDev",2025-08-18 03:26:50.53114,"StartTime: Sun Aug 17 19:52:23 2025"
"recdevs2_withbars.png","Recruitment deviations with 95% intervals",NA,"RecDev",2025-08-18 03:26:50.53114,"StartTime: Sun Aug 17 19:52:23 2025"
"recdevs3_varcheck.png","Recruitment deviations variance check.<br> See later figure of transformed variance values for comparison with bias adjustment settings in the model.",NA,"RecDev",2025-08-18 03:26:50.53114,"StartTime: Sun Aug 17 19:52:23 2025"
"recruitment_distribution_sex 1.png","Recruitment distribution of females by area and season",NA,"S-R",2025-08-18 03:26:50.53114,"StartTime: Sun Aug 17 19:52:23 2025"
"recruitment_distribution_sex 2.png","Recruitment distribution of males by area and season",NA,"S-R",2025-08-18 03:26:50.53114,"StartTime: Sun Aug 17 19:52:23 2025"
"recruit_fit_bias_adjust.png","Points are transformed variances. Red line shows current settings for bias adjustment specified in control file. Blue line shows least squares estimate of alternative bias adjustment relationship for recruitment deviations (which may or may not be an improvement. For more information, see<br> 
<blockquote>Methot, R.D. and Taylor, I.G., 2011. Adjusting for bias due to variability of estimated recruitments in fishery assessment models. <i>Can. J. Fish. Aquat. Sci.</i>, 68:1744-1760.</blockquote><br> 
Estimated alternative inputs to SS control file associated with blue line in figure: 
<pre>1983.6   #_last_early_yr_nobias_adj_in_MPD 
1996.2   #_first_yr_fullbias_adj_in_MPD 
2020.7   #_last_yr_fullbias_adj_in_MPD 
2028.7   #_first_recent_yr_nobias_adj_in_MPD 
0.9773  #_max_bias_adj_in_MPD (1.0 to mimic pre-2009 models) </pre>",NA,"RecDev",2025-08-18 03:26:50.53114,"StartTime: Sun Aug 17 19:52:23 2025"
"SR_curve.png","Stock-recruit curve.  Point colors indicate year, with warmer colors indicating earlier years and cooler colors in showing later years.",NA,"S-R",2025-08-18 03:26:50.53114,"StartTime: Sun Aug 17 19:52:23 2025"
"SR_curve2.png","Stock-recruit curve with labels on first, last, and years with (log) deviations > 0.5. Point colors indicate year, with warmer colors indicating earlier years and cooler colors in showing later years.",NA,"S-R",2025-08-18 03:26:50.53114,"StartTime: Sun Aug 17 19:52:23 2025"
"SR_resids.png","Deviations around the stock-recruit curve. Labels are on first, last, and years with (log) deviations > 0.5. Point colors indicate year, with warmer colors indicating earlier years and cooler colors in showing later years.",NA,"S-R",2025-08-18 03:26:50.53114,"StartTime: Sun Aug 17 19:52:23 2025"
"catch1_landings.png","landings",NA,"Catch",2025-08-18 03:26:50.53114,"StartTime: Sun Aug 17 19:52:23 2025"
"catch2_landings_stacked.png","landings_stacked",NA,"Catch",2025-08-18 03:26:50.53114,"StartTime: Sun Aug 17 19:52:23 2025"
"catch3_observed_and_expected_landings_(if_different).png","observed_and_expected_landings_(if_different). Catch input in numbers is compared here to catch in biomass, making this figure less useful for models like this with catch in numbers. Future versions of this plot will be improve to compare catch in the same units.",NA,"Catch",2025-08-18 03:26:50.53114,"StartTime: Sun Aug 17 19:52:23 2025"
"catch9_harvest_rate.png","harvest_rate",NA,"Catch",2025-08-18 03:26:50.53114,"StartTime: Sun Aug 17 19:52:23 2025"
"catch10_landings_aggregated_across_seasons.png","_landings_aggregated_across_seasons",NA,"Catch",2025-08-18 03:26:50.53114,"StartTime: Sun Aug 17 19:52:23 2025"
"catch11_landings_aggregated_across_seasons_stacked.png","_landings_aggregated_across_seasons_stacked",NA,"Catch",2025-08-18 03:26:50.53114,"StartTime: Sun Aug 17 19:52:23 2025"
"SPR1_series.png","Timeseries of SPR. Horizontal line is at SPR at MSY: 0.273",NA,"SPR",2025-08-18 03:26:50.53114,"StartTime: Sun Aug 17 19:52:23 2025"
"SPR3_ratiointerval.png","Timeseries of SPR ratio: (1-SPR)/(1-SPR_MSY)",NA,"SPR",2025-08-18 03:26:50.53114,"StartTime: Sun Aug 17 19:52:23 2025"
"SPR4_phase.png","Phase plot of biomass ratio vs. SPR ratio.<br> Each point represents the biomass ratio at the start of the year and the relative fishing intensity in that same year. Warmer colors (red) represent early years and colder colors (blue) represent recent years. Lines through the final point show 95% intervals based on the asymptotic uncertainty for each dimension. The shaded ellipse is a 95% region which accounts for the estimated correlation between the two quantities: -0.991. ",NA,"SPR",2025-08-18 03:26:50.53114,"StartTime: Sun Aug 17 19:52:23 2025"
"index1_cpuedata_20.IDX.AU.1.png","Index data for 20.IDX.AU.1. Lines indicate 95% uncertainty interval around index values based on the model assumption of lognormal error. Thicker lines (if present) indicate input uncertainty before addition of estimated additional uncertainty parameter.",NA,"Index",2025-08-18 03:26:50.53114,"StartTime: Sun Aug 17 19:52:23 2025"
"index2_cpuefit_20.IDX.AU.1.png","Fit to index data for 20.IDX.AU.1. Lines indicate 95% uncertainty interval around index values based on the model assumption of lognormal error. Thicker lines (if present) indicate input uncertainty before addition of estimated additional uncertainty parameter.",NA,"Index",2025-08-18 03:26:50.53114,"StartTime: Sun Aug 17 19:52:23 2025"
"index3_obs_vs_exp_20.IDX.AU.1.png","Observed vs. expected index values with smoother for 20.IDX.AU.1",NA,"Index",2025-08-18 03:26:50.53114,"StartTime: Sun Aug 17 19:52:23 2025"
"index4_logcpuedata_20.IDX.AU.1.png","Log index data for 20.IDX.AU.1. Lines indicate 95% uncertainty interval around index values based on the model assumption of lognormal error. Thicker lines (if present) indicate input uncertainty before addition of estimated additional uncertainty parameter.",NA,"Index",2025-08-18 03:26:50.53114,"StartTime: Sun Aug 17 19:52:23 2025"
"index5_logcpuefit_20.IDX.AU.1.png","Fit to log index data on log scale for 20.IDX.AU.1. Lines indicate 95% uncertainty interval around index values based on the model assumption of lognormal error. Thicker lines (if present) indicate input uncertainty before addition of estimated additional uncertainty parameter.",NA,"Index",2025-08-18 03:26:50.53114,"StartTime: Sun Aug 17 19:52:23 2025"
"index6_log_obs_vs_exp_20.IDX.AU.1.png","log(observed) vs. log(expected) index values with smoother for 20.IDX.AU.1",NA,"Index",2025-08-18 03:26:50.53114,"StartTime: Sun Aug 17 19:52:23 2025"
"index10_resids_SE_total_20.IDX.AU.1.png","Residuals of fit to index for 20.IDX.AU.1.<br>Values are (log(Obs) - log(Exp))/SE where SE is the total standard error including any estimated additional uncertainty.",NA,"Index",2025-08-18 03:26:50.53114,"StartTime: Sun Aug 17 19:52:23 2025"
"index12_resids_SE_total_20.IDX.AU.1.png","Deviations for fit to index for 20.IDX.AU.1.<br>Values are log(Obs) - log(Exp) and thus independent of index uncertainty.",NA,"Index",2025-08-18 03:26:50.53114,"StartTime: Sun Aug 17 19:52:23 2025"
"index1_cpuedata_21.IDX.NZ.2.png","Index data for 21.IDX.NZ.2. Lines indicate 95% uncertainty interval around index values based on the model assumption of lognormal error. Thicker lines (if present) indicate input uncertainty before addition of estimated additional uncertainty parameter.",NA,"Index",2025-08-18 03:26:50.53114,"StartTime: Sun Aug 17 19:52:23 2025"
"index2_cpuefit_21.IDX.NZ.2.png","Fit to index data for 21.IDX.NZ.2. Lines indicate 95% uncertainty interval around index values based on the model assumption of lognormal error. Thicker lines (if present) indicate input uncertainty before addition of estimated additional uncertainty parameter.",NA,"Index",2025-08-18 03:26:50.53114,"StartTime: Sun Aug 17 19:52:23 2025"
"index3_obs_vs_exp_21.IDX.NZ.2.png","Observed vs. expected index values with smoother for 21.IDX.NZ.2",NA,"Index",2025-08-18 03:26:50.53114,"StartTime: Sun Aug 17 19:52:23 2025"
"index4_logcpuedata_21.IDX.NZ.2.png","Log index data for 21.IDX.NZ.2. Lines indicate 95% uncertainty interval around index values based on the model assumption of lognormal error. Thicker lines (if present) indicate input uncertainty before addition of estimated additional uncertainty parameter.",NA,"Index",2025-08-18 03:26:50.53114,"StartTime: Sun Aug 17 19:52:23 2025"
"index5_logcpuefit_21.IDX.NZ.2.png","Fit to log index data on log scale for 21.IDX.NZ.2. Lines indicate 95% uncertainty interval around index values based on the model assumption of lognormal error. Thicker lines (if present) indicate input uncertainty before addition of estimated additional uncertainty parameter.",NA,"Index",2025-08-18 03:26:50.53114,"StartTime: Sun Aug 17 19:52:23 2025"
"index6_log_obs_vs_exp_21.IDX.NZ.2.png","log(observed) vs. log(expected) index values with smoother for 21.IDX.NZ.2",NA,"Index",2025-08-18 03:26:50.53114,"StartTime: Sun Aug 17 19:52:23 2025"
"index10_resids_SE_total_21.IDX.NZ.2.png","Residuals of fit to index for 21.IDX.NZ.2.<br>Values are (log(Obs) - log(Exp))/SE where SE is the total standard error including any estimated additional uncertainty.",NA,"Index",2025-08-18 03:26:50.53114,"StartTime: Sun Aug 17 19:52:23 2025"
"index12_resids_SE_total_21.IDX.NZ.2.png","Deviations for fit to index for 21.IDX.NZ.2.<br>Values are log(Obs) - log(Exp) and thus independent of index uncertainty.",NA,"Index",2025-08-18 03:26:50.53114,"StartTime: Sun Aug 17 19:52:23 2025"
"index9_standcpueall.png","Standardized indices overlaid. Each index is rescaled to have mean observation = 1.0.",NA,"Index",2025-08-18 03:26:50.53114,"StartTime: Sun Aug 17 19:52:23 2025"
"numbers1_area1_sex1_beg.png","Beginning of season 1 expected numbers at age of females in area1 in (max ~ 384.2 thousand)",NA,"Numbers",2025-08-18 03:26:50.53114,"StartTime: Sun Aug 17 19:52:23 2025"
"numbers1_area1_sex2_beg.png","Beginning of season 1 expected numbers at age of males in area1 in (max ~ 381.8 thousand)",NA,"Numbers",2025-08-18 03:26:50.53114,"StartTime: Sun Aug 17 19:52:23 2025"
"numbers2_meanage_area1_beg.png","Beginning of season 1 mean age in the population in area1",NA,"Numbers",2025-08-18 03:26:50.53114,"StartTime: Sun Aug 17 19:52:23 2025"
"numbers1_area1_sex1_mid.png","Middle of season 1 expected numbers at age of females in area1 in (max ~ 340.4 thousand)",NA,"Numbers",2025-08-18 03:26:50.53114,"StartTime: Sun Aug 17 19:52:23 2025"
"numbers1_area1_sex2_mid.png","Middle of season 1 expected numbers at age of males in area1 in (max ~ 341.4 thousand)",NA,"Numbers",2025-08-18 03:26:50.53114,"StartTime: Sun Aug 17 19:52:23 2025"
"numbers2_meanage_area1_mid.png","Middle of season 1 mean age in the population in area1",NA,"Numbers",2025-08-18 03:26:50.53114,"StartTime: Sun Aug 17 19:52:23 2025"
"numbers1_area2_sex1_beg.png","Beginning of season 1 expected numbers at age of females in area2 in (max ~ 1.2 million)",NA,"Numbers",2025-08-18 03:26:50.53114,"StartTime: Sun Aug 17 19:52:23 2025"
"numbers1_area2_sex2_beg.png","Beginning of season 1 expected numbers at age of males in area2 in (max ~ 1.1 million)",NA,"Numbers",2025-08-18 03:26:50.53114,"StartTime: Sun Aug 17 19:52:23 2025"
"numbers2_meanage_area2_beg.png","Beginning of season 1 mean age in the population in area2",NA,"Numbers",2025-08-18 03:26:50.53114,"StartTime: Sun Aug 17 19:52:23 2025"
"numbers1_area2_sex1_mid.png","Middle of season 1 expected numbers at age of females in area2 in (max ~ 1.0 million)",NA,"Numbers",2025-08-18 03:26:50.53114,"StartTime: Sun Aug 17 19:52:23 2025"
"numbers1_area2_sex2_mid.png","Middle of season 1 expected numbers at age of males in area2 in (max ~ 1.0 million)",NA,"Numbers",2025-08-18 03:26:50.53114,"StartTime: Sun Aug 17 19:52:23 2025"
"numbers2_meanage_area2_mid.png","Middle of season 1 mean age in the population in area2",NA,"Numbers",2025-08-18 03:26:50.53114,"StartTime: Sun Aug 17 19:52:23 2025"
"numbers3_frac_female_age_area1.png","Fraction female in numbers at age for area1",NA,"Numbers",2025-08-18 03:26:50.53114,"StartTime: Sun Aug 17 19:52:23 2025"
"numbers3_frac_female_age_area2.png","Fraction female in numbers at age for area2",NA,"Numbers",2025-08-18 03:26:50.53114,"StartTime: Sun Aug 17 19:52:23 2025"
"numbers6_len_area1_sex1.png","Beginning of season 1 expected numbers at length of females in area1 in (max ~ 226.3 thousand)",NA,"Numbers",2025-08-18 03:26:50.53114,"StartTime: Sun Aug 17 19:52:23 2025"
"numbers6_len_area1_sex2.png","Beginning of season 1 expected numbers at length of males in area1 in (max ~ 220.1 thousand)",NA,"Numbers",2025-08-18 03:26:50.53114,"StartTime: Sun Aug 17 19:52:23 2025"
"numbers7_meanlen_area1.png","Beginning of season 1 mean length (cm) in the population in area1",NA,"Numbers",2025-08-18 03:26:50.53114,"StartTime: Sun Aug 17 19:52:23 2025"
"numbers6_len_area1_sex1.png","Middle of season 1 expected numbers at length of females in area1 in (max ~ 92.3 thousand)",NA,"Numbers",2025-08-18 03:26:50.53114,"StartTime: Sun Aug 17 19:52:23 2025"
"numbers6_len_area1_sex2.png","Middle of season 1 expected numbers at length of males in area1 in (max ~ 102.8 thousand)",NA,"Numbers",2025-08-18 03:26:50.53114,"StartTime: Sun Aug 17 19:52:23 2025"
"numbers7_meanlen_area1.png","Middle of season 1 mean length (cm) in the population in area1",NA,"Numbers",2025-08-18 03:26:50.53114,"StartTime: Sun Aug 17 19:52:23 2025"
"numbers6_len_area2_sex1.png","Beginning of season 1 expected numbers at length of females in area2 in (max ~ 679.0 thousand)",NA,"Numbers",2025-08-18 03:26:50.53114,"StartTime: Sun Aug 17 19:52:23 2025"
"numbers6_len_area2_sex2.png","Beginning of season 1 expected numbers at length of males in area2 in (max ~ 660.2 thousand)",NA,"Numbers",2025-08-18 03:26:50.53114,"StartTime: Sun Aug 17 19:52:23 2025"
"numbers7_meanlen_area2.png","Beginning of season 1 mean length (cm) in the population in area2",NA,"Numbers",2025-08-18 03:26:50.53114,"StartTime: Sun Aug 17 19:52:23 2025"
"numbers6_len_area2_sex1.png","Middle of season 1 expected numbers at length of females in area2 in (max ~ 276.9 thousand)",NA,"Numbers",2025-08-18 03:26:50.53114,"StartTime: Sun Aug 17 19:52:23 2025"
"numbers6_len_area2_sex2.png","Middle of season 1 expected numbers at length of males in area2 in (max ~ 308.4 thousand)",NA,"Numbers",2025-08-18 03:26:50.53114,"StartTime: Sun Aug 17 19:52:23 2025"
"numbers7_meanlen_area2.png","Middle of season 1 mean length (cm) in the population in area2",NA,"Numbers",2025-08-18 03:26:50.53114,"StartTime: Sun Aug 17 19:52:23 2025"
"numbers8_frac_female_len_area1.png"," for area1",NA,"Numbers",2025-08-18 03:26:50.53114,"StartTime: Sun Aug 17 19:52:23 2025"
"numbers8_frac_female_len_area2.png"," for area2",NA,"Numbers",2025-08-18 03:26:50.53114,"StartTime: Sun Aug 17 19:52:23 2025"
"numbers4_equilagecomp.png","Equilibrium age distribution",NA,"Numbers",2025-08-18 03:26:50.53114,"StartTime: Sun Aug 17 19:52:23 2025"
"numbers5_ageerrorSD.png","Ageing imprecision: SD of observed age (yr)",NA,"Numbers",2025-08-18 03:26:50.53114,"StartTime: Sun Aug 17 19:52:23 2025"
"numbers10_ageerror_matrix_1.png","Distribution of observed age at true age 
 for ageing error type 1",NA,"Numbers",2025-08-18 03:26:50.53114,"StartTime: Sun Aug 17 19:52:23 2025"
"comp_lendat__aggregated_across_time.png","Length comp data, aggregated across time by fleet.
 <br> Labels 'retained' and 'discard' indicate discarded or retained sampled for each fleet. Panels without this designation represent the whole catch.
",NA,"CompDat",2025-08-18 03:26:50.53114,"StartTime: Sun Aug 17 19:52:23 2025"
"comp_lendat__page1_multi-fleet_comparison.png","Length comp data,  comparing across fleets (plot 1 of 3)",NA,"CompDat",2025-08-18 03:26:50.53114,"StartTime: Sun Aug 17 19:52:23 2025"
"comp_lendat__page2_multi-fleet_comparison.png","Length comp data,  comparing across fleets (plot 2 of 3)",NA,"CompDat",2025-08-18 03:26:50.53114,"StartTime: Sun Aug 17 19:52:23 2025"
"comp_lendat__page3_multi-fleet_comparison.png","Length comp data,  comparing across fleets (plot 3 of 3)",NA,"CompDat",2025-08-18 03:26:50.53114,"StartTime: Sun Aug 17 19:52:23 2025"
"comp_lendat_flt1mkt0.png","Length comp data, whole catch, 01.DW.1N.<br><br>'N adj.' is the input sample size after data-weighting adjustment. N eff. is the calculated effective sample size used in the McAllister-Ianelli tuning method.",NA,"CompDat",2025-08-18 03:26:50.53114,"StartTime: Sun Aug 17 19:52:23 2025"
"comp_lendat_bubflt1mkt0.png","Length comp data, whole catch, 01.DW.1N (max=0.29)",NA,"CompDat",2025-08-18 03:26:50.53114,"StartTime: Sun Aug 17 19:52:23 2025"
"comp_lendat_data_weighting_TA1-8_01.DW.1N.png","Mean length for 01.DW.1N with 95% confidence intervals based on current sample sizes.",NA,"CompDat",2025-08-18 03:26:50.53114,"StartTime: Sun Aug 17 19:52:23 2025"
"comp_lendat_flt2mkt0.png","Length comp data, whole catch, 02.DW.1C.<br><br>'N adj.' is the input sample size after data-weighting adjustment. N eff. is the calculated effective sample size used in the McAllister-Ianelli tuning method.",NA,"CompDat",2025-08-18 03:26:50.53114,"StartTime: Sun Aug 17 19:52:23 2025"
"comp_lendat_bubflt2mkt0.png","Length comp data, whole catch, 02.DW.1C (max=0.25)",NA,"CompDat",2025-08-18 03:26:50.53114,"StartTime: Sun Aug 17 19:52:23 2025"
"comp_lendat_data_weighting_TA1-8_02.DW.1C.png","Mean length for 02.DW.1C with 95% confidence intervals based on current sample sizes.",NA,"CompDat",2025-08-18 03:26:50.53114,"StartTime: Sun Aug 17 19:52:23 2025"
"comp_lendat_flt3mkt0.png","Length comp data, whole catch, 03.DW.1S.<br><br>'N adj.' is the input sample size after data-weighting adjustment. N eff. is the calculated effective sample size used in the McAllister-Ianelli tuning method.",NA,"CompDat",2025-08-18 03:26:50.53114,"StartTime: Sun Aug 17 19:52:23 2025"
"comp_lendat_bubflt3mkt0.png","Length comp data, whole catch, 03.DW.1S (max=1)",NA,"CompDat",2025-08-18 03:26:50.53114,"StartTime: Sun Aug 17 19:52:23 2025"
"comp_lendat_data_weighting_TA1-8_03.DW.1S.png","Mean length for 03.DW.1S with 95% confidence intervals based on current sample sizes.",NA,"CompDat",2025-08-18 03:26:50.53114,"StartTime: Sun Aug 17 19:52:23 2025"
"comp_lendat_flt6mkt0.png","Length comp data, whole catch, 06.AU.1S.<br><br>'N adj.' is the input sample size after data-weighting adjustment. N eff. is the calculated effective sample size used in the McAllister-Ianelli tuning method.",NA,"CompDat",2025-08-18 03:26:50.53114,"StartTime: Sun Aug 17 19:52:23 2025"
"comp_lendat_bubflt6mkt0.png","Length comp data, whole catch, 06.AU.1S (max=0.25)",NA,"CompDat",2025-08-18 03:26:50.53114,"StartTime: Sun Aug 17 19:52:23 2025"
"comp_lendat_data_weighting_TA1-8_06.AU.1S.png","Mean length for 06.AU.1S with 95% confidence intervals based on current sample sizes.",NA,"CompDat",2025-08-18 03:26:50.53114,"StartTime: Sun Aug 17 19:52:23 2025"
"comp_lendat_flt7mkt0.png","Length comp data, whole catch, 07.EU.1C.<br><br>'N adj.' is the input sample size after data-weighting adjustment. N eff. is the calculated effective sample size used in the McAllister-Ianelli tuning method.",NA,"CompDat",2025-08-18 03:26:50.53114,"StartTime: Sun Aug 17 19:52:23 2025"
"comp_lendat_bubflt7mkt0.png","Length comp data, whole catch, 07.EU.1C (max=0.14)",NA,"CompDat",2025-08-18 03:26:50.53114,"StartTime: Sun Aug 17 19:52:23 2025"
"comp_lendat_data_weighting_TA1-8_07.EU.1C.png","Mean length for 07.EU.1C with 95% confidence intervals based on current sample sizes.",NA,"CompDat",2025-08-18 03:26:50.53114,"StartTime: Sun Aug 17 19:52:23 2025"
"comp_lendat_flt8mkt0.png","Length comp data, whole catch, 08.PICT.1N.<br><br>'N adj.' is the input sample size after data-weighting adjustment. N eff. is the calculated effective sample size used in the McAllister-Ianelli tuning method.",NA,"CompDat",2025-08-18 03:26:50.53114,"StartTime: Sun Aug 17 19:52:23 2025"
"comp_lendat_bubflt8mkt0.png","Length comp data, whole catch, 08.PICT.1N (max=0.25)",NA,"CompDat",2025-08-18 03:26:50.53114,"StartTime: Sun Aug 17 19:52:23 2025"
"comp_lendat_data_weighting_TA1-8_08.PICT.1N.png","Mean length for 08.PICT.1N with 95% confidence intervals based on current sample sizes.",NA,"CompDat",2025-08-18 03:26:50.53114,"StartTime: Sun Aug 17 19:52:23 2025"
"comp_lendat_flt10mkt0_page1.png","Length comp data, whole catch, 10.DW.2N (plot 1 of 2).<br><br>'N adj.' is the input sample size after data-weighting adjustment. N eff. is the calculated effective sample size used in the McAllister-Ianelli tuning method.",NA,"CompDat",2025-08-18 03:26:50.53114,"StartTime: Sun Aug 17 19:52:23 2025"
"comp_lendat_flt10mkt0_page2.png","Length comp data, whole catch, 10.DW.2N (plot 1 of 2).<br><br>'N adj.' is the input sample size after data-weighting adjustment. N eff. is the calculated effective sample size used in the McAllister-Ianelli tuning method. (plot 2 of 2)",NA,"CompDat",2025-08-18 03:26:50.53114,"StartTime: Sun Aug 17 19:52:23 2025"
"comp_lendat_bubflt10mkt0_page2.png","Length comp data, whole catch, 10.DW.2N (max=0.2) (plot 2 of 2)",NA,"CompDat",2025-08-18 03:26:50.53114,"StartTime: Sun Aug 17 19:52:23 2025"
"comp_lendat_data_weighting_TA1-8_10.DW.2N.png","Mean length for 10.DW.2N with 95% confidence intervals based on current sample sizes.",NA,"CompDat",2025-08-18 03:26:50.53114,"StartTime: Sun Aug 17 19:52:23 2025"
"comp_lendat_flt11mkt0.png","Length comp data, whole catch, 11.DW.2C.<br><br>'N adj.' is the input sample size after data-weighting adjustment. N eff. is the calculated effective sample size used in the McAllister-Ianelli tuning method.",NA,"CompDat",2025-08-18 03:26:50.53114,"StartTime: Sun Aug 17 19:52:23 2025"
"comp_lendat_bubflt11mkt0.png","Length comp data, whole catch, 11.DW.2C (max=0.26)",NA,"CompDat",2025-08-18 03:26:50.53114,"StartTime: Sun Aug 17 19:52:23 2025"
"comp_lendat_data_weighting_TA1-8_11.DW.2C.png","Mean length for 11.DW.2C with 95% confidence intervals based on current sample sizes.",NA,"CompDat",2025-08-18 03:26:50.53114,"StartTime: Sun Aug 17 19:52:23 2025"
"comp_lendat_flt12mkt0.png","Length comp data, whole catch, 12.DW.2S.<br><br>'N adj.' is the input sample size after data-weighting adjustment. N eff. is the calculated effective sample size used in the McAllister-Ianelli tuning method.",NA,"CompDat",2025-08-18 03:26:50.53114,"StartTime: Sun Aug 17 19:52:23 2025"
"comp_lendat_bubflt12mkt0.png","Length comp data, whole catch, 12.DW.2S (max=1)",NA,"CompDat",2025-08-18 03:26:50.53114,"StartTime: Sun Aug 17 19:52:23 2025"
"comp_lendat_data_weighting_TA1-8_12.DW.2S.png","Mean length for 12.DW.2S with 95% confidence intervals based on current sample sizes.",NA,"CompDat",2025-08-18 03:26:50.53114,"StartTime: Sun Aug 17 19:52:23 2025"
"comp_lendat_flt14mkt0_page1.png","Length comp data, whole catch, 14.NZ.2S (plot 1 of 2).<br><br>'N adj.' is the input sample size after data-weighting adjustment. N eff. is the calculated effective sample size used in the McAllister-Ianelli tuning method.",NA,"CompDat",2025-08-18 03:26:50.53114,"StartTime: Sun Aug 17 19:52:23 2025"
"comp_lendat_flt14mkt0_page2.png","Length comp data, whole catch, 14.NZ.2S (plot 1 of 2).<br><br>'N adj.' is the input sample size after data-weighting adjustment. N eff. is the calculated effective sample size used in the McAllister-Ianelli tuning method. (plot 2 of 2)",NA,"CompDat",2025-08-18 03:26:50.53114,"StartTime: Sun Aug 17 19:52:23 2025"
"comp_lendat_bubflt14mkt0_page2.png","Length comp data, whole catch, 14.NZ.2S (max=0.6) (plot 2 of 2)",NA,"CompDat",2025-08-18 03:26:50.53114,"StartTime: Sun Aug 17 19:52:23 2025"
"comp_lendat_data_weighting_TA1-8_14.NZ.2S.png","Mean length for 14.NZ.2S with 95% confidence intervals based on current sample sizes.",NA,"CompDat",2025-08-18 03:26:50.53114,"StartTime: Sun Aug 17 19:52:23 2025"
"comp_lendat_flt15mkt0.png","Length comp data, whole catch, 15.EU.2N.<br><br>'N adj.' is the input sample size after data-weighting adjustment. N eff. is the calculated effective sample size used in the McAllister-Ianelli tuning method.",NA,"CompDat",2025-08-18 03:26:50.53114,"StartTime: Sun Aug 17 19:52:23 2025"
"comp_lendat_bubflt15mkt0.png","Length comp data, whole catch, 15.EU.2N (max=0.17)",NA,"CompDat",2025-08-18 03:26:50.53114,"StartTime: Sun Aug 17 19:52:23 2025"
"comp_lendat_data_weighting_TA1-8_15.EU.2N.png","Mean length for 15.EU.2N with 95% confidence intervals based on current sample sizes.",NA,"CompDat",2025-08-18 03:26:50.53114,"StartTime: Sun Aug 17 19:52:23 2025"
"comp_lendat_flt16mkt0.png","Length comp data, whole catch, 16.EU.2C.<br><br>'N adj.' is the input sample size after data-weighting adjustment. N eff. is the calculated effective sample size used in the McAllister-Ianelli tuning method.",NA,"CompDat",2025-08-18 03:26:50.53114,"StartTime: Sun Aug 17 19:52:23 2025"
"comp_lendat_bubflt16mkt0.png","Length comp data, whole catch, 16.EU.2C (max=0.24)",NA,"CompDat",2025-08-18 03:26:50.53114,"StartTime: Sun Aug 17 19:52:23 2025"
"comp_lendat_data_weighting_TA1-8_16.EU.2C.png","Mean length for 16.EU.2C with 95% confidence intervals based on current sample sizes.",NA,"CompDat",2025-08-18 03:26:50.53114,"StartTime: Sun Aug 17 19:52:23 2025"
"comp_lendat_flt17mkt0.png","Length comp data, whole catch, 17.EU.2S.<br><br>'N adj.' is the input sample size after data-weighting adjustment. N eff. is the calculated effective sample size used in the McAllister-Ianelli tuning method.",NA,"CompDat",2025-08-18 03:26:50.53114,"StartTime: Sun Aug 17 19:52:23 2025"
"comp_lendat_bubflt17mkt0.png","Length comp data, whole catch, 17.EU.2S (max=0.23)",NA,"CompDat",2025-08-18 03:26:50.53114,"StartTime: Sun Aug 17 19:52:23 2025"
"comp_lendat_data_weighting_TA1-8_17.EU.2S.png","Mean length for 17.EU.2S with 95% confidence intervals based on current sample sizes.",NA,"CompDat",2025-08-18 03:26:50.53114,"StartTime: Sun Aug 17 19:52:23 2025"
"comp_lendat_flt18mkt0_page1.png","Length comp data, whole catch, 18.PICT.2N (plot 1 of 2).<br><br>'N adj.' is the input sample size after data-weighting adjustment. N eff. is the calculated effective sample size used in the McAllister-Ianelli tuning method.",NA,"CompDat",2025-08-18 03:26:50.53114,"StartTime: Sun Aug 17 19:52:23 2025"
"comp_lendat_flt18mkt0_page2.png","Length comp data, whole catch, 18.PICT.2N (plot 1 of 2).<br><br>'N adj.' is the input sample size after data-weighting adjustment. N eff. is the calculated effective sample size used in the McAllister-Ianelli tuning method. (plot 2 of 2)",NA,"CompDat",2025-08-18 03:26:50.53114,"StartTime: Sun Aug 17 19:52:23 2025"
"comp_lendat_bubflt18mkt0_page2.png","Length comp data, whole catch, 18.PICT.2N (max=0.31) (plot 2 of 2)",NA,"CompDat",2025-08-18 03:26:50.53114,"StartTime: Sun Aug 17 19:52:23 2025"
"comp_lendat_data_weighting_TA1-8_18.PICT.2N.png","Mean length for 18.PICT.2N with 95% confidence intervals based on current sample sizes.",NA,"CompDat",2025-08-18 03:26:50.53114,"StartTime: Sun Aug 17 19:52:23 2025"
"comp_lendat_flt19mkt0.png","Length comp data, whole catch, 19.PICT.2C.<br><br>'N adj.' is the input sample size after data-weighting adjustment. N eff. is the calculated effective sample size used in the McAllister-Ianelli tuning method.",NA,"CompDat",2025-08-18 03:26:50.53114,"StartTime: Sun Aug 17 19:52:23 2025"
"comp_lendat_bubflt19mkt0.png","Length comp data, whole catch, 19.PICT.2C (max=0.31)",NA,"CompDat",2025-08-18 03:26:50.53114,"StartTime: Sun Aug 17 19:52:23 2025"
"comp_lendat_data_weighting_TA1-8_19.PICT.2C.png","Mean length for 19.PICT.2C with 95% confidence intervals based on current sample sizes.",NA,"CompDat",2025-08-18 03:26:50.53114,"StartTime: Sun Aug 17 19:52:23 2025"
"comp_sizedat__aggregated_across_time.png","Size comp data, aggregated across time by fleet.
 <br> Labels 'retained' and 'discard' indicate discarded or retained sampled for each fleet. Panels without this designation represent the whole catch.
",NA,"CompDat",2025-08-18 03:26:50.53114,"StartTime: Sun Aug 17 19:52:23 2025"
"comp_sizedat_flt4mkt0_page1.png","Size comp data, whole catch, 04.AU.1N (plot 1 of 3).<br><br>'N adj.' is the input sample size after data-weighting adjustment. N eff. is the calculated effective sample size used in the McAllister-Ianelli tuning method.",NA,"CompDat",2025-08-18 03:26:50.53114,"StartTime: Sun Aug 17 19:52:23 2025"
"comp_sizedat_flt4mkt0_page2.png","Size comp data, whole catch, 04.AU.1N (plot 1 of 3).<br><br>'N adj.' is the input sample size after data-weighting adjustment. N eff. is the calculated effective sample size used in the McAllister-Ianelli tuning method. (plot 2 of 3)",NA,"CompDat",2025-08-18 03:26:50.53114,"StartTime: Sun Aug 17 19:52:23 2025"
"comp_sizedat_flt4mkt0_page3.png","Size comp data, whole catch, 04.AU.1N (plot 1 of 3).<br><br>'N adj.' is the input sample size after data-weighting adjustment. N eff. is the calculated effective sample size used in the McAllister-Ianelli tuning method. (plot 2 of 3) (plot 3 of 3)",NA,"CompDat",2025-08-18 03:26:50.53114,"StartTime: Sun Aug 17 19:52:23 2025"
"comp_sizedat_bubflt4mkt0_page3.png","Size comp data, whole catch, 04.AU.1N (max=0.21) (plot 3 of 3)",NA,"CompDat",2025-08-18 03:26:50.53114,"StartTime: Sun Aug 17 19:52:23 2025"
"comp_sizedat_data_weighting_TA1-8_04.AU.1N.png","Mean size for 04.AU.1N with 95% confidence intervals based on current sample sizes.",NA,"CompDat",2025-08-18 03:26:50.53114,"StartTime: Sun Aug 17 19:52:23 2025"
"comp_sizedat_flt5mkt0_page1.png","Size comp data, whole catch, 05.AU.1C (plot 1 of 5).<br><br>'N adj.' is the input sample size after data-weighting adjustment. N eff. is the calculated effective sample size used in the McAllister-Ianelli tuning method.",NA,"CompDat",2025-08-18 03:26:50.53114,"StartTime: Sun Aug 17 19:52:23 2025"
"comp_sizedat_flt5mkt0_page2.png","Size comp data, whole catch, 05.AU.1C (plot 1 of 5).<br><br>'N adj.' is the input sample size after data-weighting adjustment. N eff. is the calculated effective sample size used in the McAllister-Ianelli tuning method. (plot 2 of 5)",NA,"CompDat",2025-08-18 03:26:50.53114,"StartTime: Sun Aug 17 19:52:23 2025"
"comp_sizedat_flt5mkt0_page3.png","Size comp data, whole catch, 05.AU.1C (plot 1 of 5).<br><br>'N adj.' is the input sample size after data-weighting adjustment. N eff. is the calculated effective sample size used in the McAllister-Ianelli tuning method. (plot 2 of 5) (plot 3 of 5)",NA,"CompDat",2025-08-18 03:26:50.53114,"StartTime: Sun Aug 17 19:52:23 2025"
"comp_sizedat_flt5mkt0_page4.png","Size comp data, whole catch, 05.AU.1C (plot 1 of 5).<br><br>'N adj.' is the input sample size after data-weighting adjustment. N eff. is the calculated effective sample size used in the McAllister-Ianelli tuning method. (plot 2 of 5) (plot 3 of 5) (plot 4 of 5)",NA,"CompDat",2025-08-18 03:26:50.53114,"StartTime: Sun Aug 17 19:52:23 2025"
"comp_sizedat_flt5mkt0_page5.png","Size comp data, whole catch, 05.AU.1C (plot 1 of 5).<br><br>'N adj.' is the input sample size after data-weighting adjustment. N eff. is the calculated effective sample size used in the McAllister-Ianelli tuning method. (plot 2 of 5) (plot 3 of 5) (plot 4 of 5) (plot 5 of 5)",NA,"CompDat",2025-08-18 03:26:50.53114,"StartTime: Sun Aug 17 19:52:23 2025"
"comp_sizedat_bubflt5mkt0_page5.png","Size comp data, whole catch, 05.AU.1C (max=0.15) (plot 5 of 5)",NA,"CompDat",2025-08-18 03:26:50.53114,"StartTime: Sun Aug 17 19:52:23 2025"
"comp_sizedat_data_weighting_TA1-8_05.AU.1C.png","Mean size for 05.AU.1C with 95% confidence intervals based on current sample sizes.",NA,"CompDat",2025-08-18 03:26:50.53114,"StartTime: Sun Aug 17 19:52:23 2025"
"comp_sizedat_flt13mkt0_page1.png","Size comp data, whole catch, 13.NZ.2C (plot 1 of 3).<br><br>'N adj.' is the input sample size after data-weighting adjustment. N eff. is the calculated effective sample size used in the McAllister-Ianelli tuning method.",NA,"CompDat",2025-08-18 03:26:50.53114,"StartTime: Sun Aug 17 19:52:23 2025"
"comp_sizedat_flt13mkt0_page2.png","Size comp data, whole catch, 13.NZ.2C (plot 1 of 3).<br><br>'N adj.' is the input sample size after data-weighting adjustment. N eff. is the calculated effective sample size used in the McAllister-Ianelli tuning method. (plot 2 of 3)",NA,"CompDat",2025-08-18 03:26:50.53114,"StartTime: Sun Aug 17 19:52:23 2025"
"comp_sizedat_flt13mkt0_page3.png","Size comp data, whole catch, 13.NZ.2C (plot 1 of 3).<br><br>'N adj.' is the input sample size after data-weighting adjustment. N eff. is the calculated effective sample size used in the McAllister-Ianelli tuning method. (plot 2 of 3) (plot 3 of 3)",NA,"CompDat",2025-08-18 03:26:50.53114,"StartTime: Sun Aug 17 19:52:23 2025"
"comp_sizedat_bubflt13mkt0_page3.png","Size comp data, whole catch, 13.NZ.2C (max=0.22) (plot 3 of 3)",NA,"CompDat",2025-08-18 03:26:50.53114,"StartTime: Sun Aug 17 19:52:23 2025"
"comp_sizedat_data_weighting_TA1-8_13.NZ.2C.png","Mean size for 13.NZ.2C with 95% confidence intervals based on current sample sizes.",NA,"CompDat",2025-08-18 03:26:50.53114,"StartTime: Sun Aug 17 19:52:23 2025"
"comp_condAALdat_bubflt5mkt0_page1.png","Conditional age-at-length data, whole catch, 05.AU.1C (max=1) (plot 1 of 2)",NA,"CompDat",2025-08-18 03:26:50.53114,"StartTime: Sun Aug 17 19:52:23 2025"
"comp_condAALdat_bubflt5mkt0_page2.png","Conditional age-at-length data, whole catch, 05.AU.1C (max=1) (plot 2 of 2)",NA,"CompDat",2025-08-18 03:26:50.53114,"StartTime: Sun Aug 17 19:52:23 2025"
"comp_lenfit__aggregated_across_time.png","Length comps, aggregated across time by fleet.
 <br> Labels 'retained' and 'discard' indicate discarded or retained sampled for each fleet. Panels without this designation represent the whole catch.
",NA,"LenComp",2025-08-18 03:26:50.53114,"StartTime: Sun Aug 17 19:52:23 2025"
"comp_lenfit__page1_multi-fleet_comparison.png","Pearson residuals,  comparing across fleets (plot 1 of 3) <br> 
Closed bubbles are positive residuals (observed > expected) and open bubbles are negative residuals (observed < expected).",NA,"LenComp",2025-08-18 03:26:50.53114,"StartTime: Sun Aug 17 19:52:23 2025"
"comp_lenfit__page2_multi-fleet_comparison.png","Pearson residuals,  comparing across fleets (plot 2 of 3)",NA,"LenComp",2025-08-18 03:26:50.53114,"StartTime: Sun Aug 17 19:52:23 2025"
"comp_lenfit__page3_multi-fleet_comparison.png","Pearson residuals,  comparing across fleets (plot 3 of 3)",NA,"LenComp",2025-08-18 03:26:50.53114,"StartTime: Sun Aug 17 19:52:23 2025"
"comp_lenfit_flt1mkt0.png","Length comps, whole catch, 01.DW.1N.<br><br>'N adj.' is the input sample size after data-weighting adjustment. N eff. is the calculated effective sample size used in the McAllister-Ianelli tuning method.",NA,"LenComp",2025-08-18 03:26:50.53114,"StartTime: Sun Aug 17 19:52:23 2025"
"comp_lenfit_residsflt1mkt0.png","Pearson residuals, whole catch, 01.DW.1N (max=0.05) <br> 
Closed bubbles are positive residuals (observed > expected) and open bubbles are negative residuals (observed < expected).",NA,"LenComp",2025-08-18 03:26:50.53114,"StartTime: Sun Aug 17 19:52:23 2025"
"comp_lenfit_sampsize_flt1mkt0.png","N-EffN comparison, Length comps, whole catch, 01.DW.1N",NA,"LenComp",2025-08-18 03:26:50.53114,"StartTime: Sun Aug 17 19:52:23 2025"
"comp_lenfit_data_weighting_TA1-8_01.DW.1N.png","Mean length for 01.DW.1N with 95% confidence intervals based on current sample sizes.<br>Francis data weighting method TA1.8: thinner intervals (with capped ends) show result of further adjusting sample sizes based on suggested multiplier (with 95% interval) for len data from 01.DW.1N:<br>10083.1821 (6397.0021-58560.5244) <br>For more info, see  <a href=https://doi.org/10.1139/f2011-025> Francis (2011)</a>.",NA,"LenComp",2025-08-18 03:26:50.53114,"StartTime: Sun Aug 17 19:52:23 2025"
"comp_lenfit_flt2mkt0.png","Length comps, whole catch, 02.DW.1C.<br><br>'N adj.' is the input sample size after data-weighting adjustment. N eff. is the calculated effective sample size used in the McAllister-Ianelli tuning method.",NA,"LenComp",2025-08-18 03:26:50.53114,"StartTime: Sun Aug 17 19:52:23 2025"
"comp_lenfit_residsflt2mkt0.png","Pearson residuals, whole catch, 02.DW.1C (max=0.25) <br> 
Closed bubbles are positive residuals (observed > expected) and open bubbles are negative residuals (observed < expected).",NA,"LenComp",2025-08-18 03:26:50.53114,"StartTime: Sun Aug 17 19:52:23 2025"
"comp_lenfit_sampsize_flt2mkt0.png","N-EffN comparison, Length comps, whole catch, 02.DW.1C",NA,"LenComp",2025-08-18 03:26:50.53114,"StartTime: Sun Aug 17 19:52:23 2025"
"comp_lenfit_data_weighting_TA1-8_02.DW.1C.png","Mean length for 02.DW.1C with 95% confidence intervals based on current sample sizes.<br>Francis data weighting method TA1.8: thinner intervals (with capped ends) show result of further adjusting sample sizes based on suggested multiplier (with 95% interval) for len data from 02.DW.1C:<br>4360.8133 (2906.7014-24018.7996) <br>For more info, see  <a href=https://doi.org/10.1139/f2011-025> Francis (2011)</a>.",NA,"LenComp",2025-08-18 03:26:50.53114,"StartTime: Sun Aug 17 19:52:23 2025"
"comp_lenfit_flt3mkt0.png","Length comps, whole catch, 03.DW.1S.<br><br>'N adj.' is the input sample size after data-weighting adjustment. N eff. is the calculated effective sample size used in the McAllister-Ianelli tuning method.",NA,"LenComp",2025-08-18 03:26:50.53114,"StartTime: Sun Aug 17 19:52:23 2025"
"comp_lenfit_residsflt3mkt0.png","Pearson residuals, whole catch, 03.DW.1S (max=3.82) <br> 
Closed bubbles are positive residuals (observed > expected) and open bubbles are negative residuals (observed < expected).",NA,"LenComp",2025-08-18 03:26:50.53114,"StartTime: Sun Aug 17 19:52:23 2025"
"comp_lenfit_sampsize_flt3mkt0.png","N-EffN comparison, Length comps, whole catch, 03.DW.1S",NA,"LenComp",2025-08-18 03:26:50.53114,"StartTime: Sun Aug 17 19:52:23 2025"
"comp_lenfit_data_weighting_TA1-8_03.DW.1S.png","Mean length for 03.DW.1S with 95% confidence intervals based on current sample sizes.<br>Francis data weighting method TA1.8: thinner intervals (with capped ends) show result of further adjusting sample sizes based on suggested multiplier (with 95% interval) for len data from 03.DW.1S:<br>1.0057 (0.5915-2.7214) <br>For more info, see  <a href=https://doi.org/10.1139/f2011-025> Francis (2011)</a>.",NA,"LenComp",2025-08-18 03:26:50.53114,"StartTime: Sun Aug 17 19:52:23 2025"
"comp_lenfit_flt6mkt0.png","Length comps, whole catch, 06.AU.1S.<br><br>'N adj.' is the input sample size after data-weighting adjustment. N eff. is the calculated effective sample size used in the McAllister-Ianelli tuning method.",NA,"LenComp",2025-08-18 03:26:50.53114,"StartTime: Sun Aug 17 19:52:23 2025"
"comp_lenfit_residsflt6mkt0.png","Pearson residuals, whole catch, 06.AU.1S (max=0.04) <br> 
Closed bubbles are positive residuals (observed > expected) and open bubbles are negative residuals (observed < expected).",NA,"LenComp",2025-08-18 03:26:50.53114,"StartTime: Sun Aug 17 19:52:23 2025"
"comp_lenfit_sampsize_flt6mkt0.png","N-EffN comparison, Length comps, whole catch, 06.AU.1S",NA,"LenComp",2025-08-18 03:26:50.53114,"StartTime: Sun Aug 17 19:52:23 2025"
"comp_lenfit_data_weighting_TA1-8_06.AU.1S.png","Mean length for 06.AU.1S with 95% confidence intervals based on current sample sizes.<br>Francis data weighting method TA1.8: thinner intervals (with capped ends) show result of further adjusting sample sizes based on suggested multiplier (with 95% interval) for len data from 06.AU.1S:<br>12116776.9668 (12116776.9668-Inf) <br>For more info, see  <a href=https://doi.org/10.1139/f2011-025> Francis (2011)</a>.",NA,"LenComp",2025-08-18 03:26:50.53114,"StartTime: Sun Aug 17 19:52:23 2025"
"comp_lenfit_flt7mkt0.png","Length comps, whole catch, 07.EU.1C.<br><br>'N adj.' is the input sample size after data-weighting adjustment. N eff. is the calculated effective sample size used in the McAllister-Ianelli tuning method.",NA,"LenComp",2025-08-18 03:26:50.53114,"StartTime: Sun Aug 17 19:52:23 2025"
"comp_lenfit_residsflt7mkt0.png","Pearson residuals, whole catch, 07.EU.1C (max=0.01) <br> 
Closed bubbles are positive residuals (observed > expected) and open bubbles are negative residuals (observed < expected).",NA,"LenComp",2025-08-18 03:26:50.53114,"StartTime: Sun Aug 17 19:52:23 2025"
"comp_lenfit_sampsize_flt7mkt0.png","N-EffN comparison, Length comps, whole catch, 07.EU.1C",NA,"LenComp",2025-08-18 03:26:50.53114,"StartTime: Sun Aug 17 19:52:23 2025"
"comp_lenfit_data_weighting_TA1-8_07.EU.1C.png","Mean length for 07.EU.1C with 95% confidence intervals based on current sample sizes.<br>Francis data weighting method TA1.8: too few points to calculate adjustments. <br>For more info, see  <a href=https://doi.org/10.1139/f2011-025> Francis (2011)</a>.",NA,"LenComp",2025-08-18 03:26:50.53114,"StartTime: Sun Aug 17 19:52:23 2025"
"comp_lenfit_flt8mkt0.png","Length comps, whole catch, 08.PICT.1N.<br><br>'N adj.' is the input sample size after data-weighting adjustment. N eff. is the calculated effective sample size used in the McAllister-Ianelli tuning method.",NA,"LenComp",2025-08-18 03:26:50.53114,"StartTime: Sun Aug 17 19:52:23 2025"
"comp_lenfit_residsflt8mkt0.png","Pearson residuals, whole catch, 08.PICT.1N (max=0.07) <br> 
Closed bubbles are positive residuals (observed > expected) and open bubbles are negative residuals (observed < expected).",NA,"LenComp",2025-08-18 03:26:50.53114,"StartTime: Sun Aug 17 19:52:23 2025"
"comp_lenfit_sampsize_flt8mkt0.png","N-EffN comparison, Length comps, whole catch, 08.PICT.1N",NA,"LenComp",2025-08-18 03:26:50.53114,"StartTime: Sun Aug 17 19:52:23 2025"
"comp_lenfit_data_weighting_TA1-8_08.PICT.1N.png","Mean length for 08.PICT.1N with 95% confidence intervals based on current sample sizes.<br>Francis data weighting method TA1.8: thinner intervals (with capped ends) show result of further adjusting sample sizes based on suggested multiplier (with 95% interval) for len data from 08.PICT.1N:<br>53770.8531 (32009.5036-265211.2583) <br>For more info, see  <a href=https://doi.org/10.1139/f2011-025> Francis (2011)</a>.",NA,"LenComp",2025-08-18 03:26:50.53114,"StartTime: Sun Aug 17 19:52:23 2025"
"comp_lenfit_flt10mkt0_page1.png","Length comps, whole catch, 10.DW.2N (plot 1 of 2).<br><br>'N adj.' is the input sample size after data-weighting adjustment. N eff. is the calculated effective sample size used in the McAllister-Ianelli tuning method.",NA,"LenComp",2025-08-18 03:26:50.53114,"StartTime: Sun Aug 17 19:52:23 2025"
"comp_lenfit_flt10mkt0_page2.png","Length comps, whole catch, 10.DW.2N (plot 1 of 2).<br><br>'N adj.' is the input sample size after data-weighting adjustment. N eff. is the calculated effective sample size used in the McAllister-Ianelli tuning method. (plot 2 of 2)",NA,"LenComp",2025-08-18 03:26:50.53114,"StartTime: Sun Aug 17 19:52:23 2025"
"comp_lenfit_residsflt10mkt0_page2.png","Pearson residuals, whole catch, 10.DW.2N (max=0.05) (plot 2 of 2) <br> 
Closed bubbles are positive residuals (observed > expected) and open bubbles are negative residuals (observed < expected).",NA,"LenComp",2025-08-18 03:26:50.53114,"StartTime: Sun Aug 17 19:52:23 2025"
"comp_lenfit_sampsize_flt10mkt0.png","N-EffN comparison, Length comps, whole catch, 10.DW.2N",NA,"LenComp",2025-08-18 03:26:50.53114,"StartTime: Sun Aug 17 19:52:23 2025"
"comp_lenfit_data_weighting_TA1-8_10.DW.2N.png","Mean length for 10.DW.2N with 95% confidence intervals based on current sample sizes.<br>Francis data weighting method TA1.8: thinner intervals (with capped ends) show result of further adjusting sample sizes based on suggested multiplier (with 95% interval) for len data from 10.DW.2N:<br>18060.6066 (13147.2582-36390.5878) <br>For more info, see  <a href=https://doi.org/10.1139/f2011-025> Francis (2011)</a>.",NA,"LenComp",2025-08-18 03:26:50.53114,"StartTime: Sun Aug 17 19:52:23 2025"
"comp_lenfit_flt11mkt0.png","Length comps, whole catch, 11.DW.2C.<br><br>'N adj.' is the input sample size after data-weighting adjustment. N eff. is the calculated effective sample size used in the McAllister-Ianelli tuning method.",NA,"LenComp",2025-08-18 03:26:50.53114,"StartTime: Sun Aug 17 19:52:23 2025"
"comp_lenfit_residsflt11mkt0.png","Pearson residuals, whole catch, 11.DW.2C (max=0.04) <br> 
Closed bubbles are positive residuals (observed > expected) and open bubbles are negative residuals (observed < expected).",NA,"LenComp",2025-08-18 03:26:50.53114,"StartTime: Sun Aug 17 19:52:23 2025"
"comp_lenfit_sampsize_flt11mkt0.png","N-EffN comparison, Length comps, whole catch, 11.DW.2C",NA,"LenComp",2025-08-18 03:26:50.53114,"StartTime: Sun Aug 17 19:52:23 2025"
"comp_lenfit_data_weighting_TA1-8_11.DW.2C.png","Mean length for 11.DW.2C with 95% confidence intervals based on current sample sizes.<br>Francis data weighting method TA1.8: thinner intervals (with capped ends) show result of further adjusting sample sizes based on suggested multiplier (with 95% interval) for len data from 11.DW.2C:<br>12637.1484 (6298.6305-196939.5704) <br>For more info, see  <a href=https://doi.org/10.1139/f2011-025> Francis (2011)</a>.",NA,"LenComp",2025-08-18 03:26:50.53114,"StartTime: Sun Aug 17 19:52:23 2025"
"comp_lenfit_flt12mkt0.png","Length comps, whole catch, 12.DW.2S.<br><br>'N adj.' is the input sample size after data-weighting adjustment. N eff. is the calculated effective sample size used in the McAllister-Ianelli tuning method.",NA,"LenComp",2025-08-18 03:26:50.53114,"StartTime: Sun Aug 17 19:52:23 2025"
"comp_lenfit_residsflt12mkt0.png","Pearson residuals, whole catch, 12.DW.2S (max=0.11) <br> 
Closed bubbles are positive residuals (observed > expected) and open bubbles are negative residuals (observed < expected).",NA,"LenComp",2025-08-18 03:26:50.53114,"StartTime: Sun Aug 17 19:52:23 2025"
"comp_lenfit_sampsize_flt12mkt0.png","N-EffN comparison, Length comps, whole catch, 12.DW.2S",NA,"LenComp",2025-08-18 03:26:50.53114,"StartTime: Sun Aug 17 19:52:23 2025"
"comp_lenfit_data_weighting_TA1-8_12.DW.2S.png","Mean length for 12.DW.2S with 95% confidence intervals based on current sample sizes.<br>Francis data weighting method TA1.8: thinner intervals (with capped ends) show result of further adjusting sample sizes based on suggested multiplier (with 95% interval) for len data from 12.DW.2S:<br>34092.5599 (21107.1499-234688.1374) <br>For more info, see  <a href=https://doi.org/10.1139/f2011-025> Francis (2011)</a>.",NA,"LenComp",2025-08-18 03:26:50.53114,"StartTime: Sun Aug 17 19:52:23 2025"
"comp_lenfit_flt14mkt0_page1.png","Length comps, whole catch, 14.NZ.2S (plot 1 of 2).<br><br>'N adj.' is the input sample size after data-weighting adjustment. N eff. is the calculated effective sample size used in the McAllister-Ianelli tuning method.",NA,"LenComp",2025-08-18 03:26:50.53114,"StartTime: Sun Aug 17 19:52:23 2025"
"comp_lenfit_flt14mkt0_page2.png","Length comps, whole catch, 14.NZ.2S (plot 1 of 2).<br><br>'N adj.' is the input sample size after data-weighting adjustment. N eff. is the calculated effective sample size used in the McAllister-Ianelli tuning method. (plot 2 of 2)",NA,"LenComp",2025-08-18 03:26:50.53114,"StartTime: Sun Aug 17 19:52:23 2025"
"comp_lenfit_residsflt14mkt0_page2.png","Pearson residuals, whole catch, 14.NZ.2S (max=2.7) (plot 2 of 2) <br> 
Closed bubbles are positive residuals (observed > expected) and open bubbles are negative residuals (observed < expected).",NA,"LenComp",2025-08-18 03:26:50.53114,"StartTime: Sun Aug 17 19:52:23 2025"
"comp_lenfit_sampsize_flt14mkt0.png","N-EffN comparison, Length comps, whole catch, 14.NZ.2S",NA,"LenComp",2025-08-18 03:26:50.53114,"StartTime: Sun Aug 17 19:52:23 2025"
"comp_lenfit_data_weighting_TA1-8_14.NZ.2S.png","Mean length for 14.NZ.2S with 95% confidence intervals based on current sample sizes.<br>Francis data weighting method TA1.8: thinner intervals (with capped ends) show result of further adjusting sample sizes based on suggested multiplier (with 95% interval) for len data from 14.NZ.2S:<br>0.9898 (0.6298-2.1361) <br>For more info, see  <a href=https://doi.org/10.1139/f2011-025> Francis (2011)</a>.",NA,"LenComp",2025-08-18 03:26:50.53114,"StartTime: Sun Aug 17 19:52:23 2025"
"comp_lenfit_flt15mkt0.png","Length comps, whole catch, 15.EU.2N.<br><br>'N adj.' is the input sample size after data-weighting adjustment. N eff. is the calculated effective sample size used in the McAllister-Ianelli tuning method.",NA,"LenComp",2025-08-18 03:26:50.53114,"StartTime: Sun Aug 17 19:52:23 2025"
"comp_lenfit_residsflt15mkt0.png","Pearson residuals, whole catch, 15.EU.2N (max=0.02) <br> 
Closed bubbles are positive residuals (observed > expected) and open bubbles are negative residuals (observed < expected).",NA,"LenComp",2025-08-18 03:26:50.53114,"StartTime: Sun Aug 17 19:52:23 2025"
"comp_lenfit_sampsize_flt15mkt0.png","N-EffN comparison, Length comps, whole catch, 15.EU.2N",NA,"LenComp",2025-08-18 03:26:50.53114,"StartTime: Sun Aug 17 19:52:23 2025"
"comp_lenfit_data_weighting_TA1-8_15.EU.2N.png","Mean length for 15.EU.2N with 95% confidence intervals based on current sample sizes.<br>Francis data weighting method TA1.8: too few points to calculate adjustments. <br>For more info, see  <a href=https://doi.org/10.1139/f2011-025> Francis (2011)</a>.",NA,"LenComp",2025-08-18 03:26:50.53114,"StartTime: Sun Aug 17 19:52:23 2025"
"comp_lenfit_flt16mkt0.png","Length comps, whole catch, 16.EU.2C.<br><br>'N adj.' is the input sample size after data-weighting adjustment. N eff. is the calculated effective sample size used in the McAllister-Ianelli tuning method.",NA,"LenComp",2025-08-18 03:26:50.53114,"StartTime: Sun Aug 17 19:52:23 2025"
"comp_lenfit_residsflt16mkt0.png","Pearson residuals, whole catch, 16.EU.2C (max=0.06) <br> 
Closed bubbles are positive residuals (observed > expected) and open bubbles are negative residuals (observed < expected).",NA,"LenComp",2025-08-18 03:26:50.53114,"StartTime: Sun Aug 17 19:52:23 2025"
"comp_lenfit_sampsize_flt16mkt0.png","N-EffN comparison, Length comps, whole catch, 16.EU.2C",NA,"LenComp",2025-08-18 03:26:50.53114,"StartTime: Sun Aug 17 19:52:23 2025"
"comp_lenfit_data_weighting_TA1-8_16.EU.2C.png","Mean length for 16.EU.2C with 95% confidence intervals based on current sample sizes.<br>Francis data weighting method TA1.8: thinner intervals (with capped ends) show result of further adjusting sample sizes based on suggested multiplier (with 95% interval) for len data from 16.EU.2C:<br>10130.1582 (5637.3593-198079.6604) <br>For more info, see  <a href=https://doi.org/10.1139/f2011-025> Francis (2011)</a>.",NA,"LenComp",2025-08-18 03:26:50.53114,"StartTime: Sun Aug 17 19:52:23 2025"
"comp_lenfit_flt17mkt0.png","Length comps, whole catch, 17.EU.2S.<br><br>'N adj.' is the input sample size after data-weighting adjustment. N eff. is the calculated effective sample size used in the McAllister-Ianelli tuning method.",NA,"LenComp",2025-08-18 03:26:50.53114,"StartTime: Sun Aug 17 19:52:23 2025"
"comp_lenfit_residsflt17mkt0.png","Pearson residuals, whole catch, 17.EU.2S (max=0.04) <br> 
Closed bubbles are positive residuals (observed > expected) and open bubbles are negative residuals (observed < expected).",NA,"LenComp",2025-08-18 03:26:50.53114,"StartTime: Sun Aug 17 19:52:23 2025"
"comp_lenfit_sampsize_flt17mkt0.png","N-EffN comparison, Length comps, whole catch, 17.EU.2S",NA,"LenComp",2025-08-18 03:26:50.53114,"StartTime: Sun Aug 17 19:52:23 2025"
"comp_lenfit_data_weighting_TA1-8_17.EU.2S.png","Mean length for 17.EU.2S with 95% confidence intervals based on current sample sizes.<br>Francis data weighting method TA1.8: thinner intervals (with capped ends) show result of further adjusting sample sizes based on suggested multiplier (with 95% interval) for len data from 17.EU.2S:<br>21299.4004 (21299.4004-Inf) <br>For more info, see  <a href=https://doi.org/10.1139/f2011-025> Francis (2011)</a>.",NA,"LenComp",2025-08-18 03:26:50.53114,"StartTime: Sun Aug 17 19:52:23 2025"
"comp_lenfit_flt18mkt0_page1.png","Length comps, whole catch, 18.PICT.2N (plot 1 of 2).<br><br>'N adj.' is the input sample size after data-weighting adjustment. N eff. is the calculated effective sample size used in the McAllister-Ianelli tuning method.",NA,"LenComp",2025-08-18 03:26:50.53114,"StartTime: Sun Aug 17 19:52:23 2025"
"comp_lenfit_flt18mkt0_page2.png","Length comps, whole catch, 18.PICT.2N (plot 1 of 2).<br><br>'N adj.' is the input sample size after data-weighting adjustment. N eff. is the calculated effective sample size used in the McAllister-Ianelli tuning method. (plot 2 of 2)",NA,"LenComp",2025-08-18 03:26:50.53114,"StartTime: Sun Aug 17 19:52:23 2025"
"comp_lenfit_residsflt18mkt0_page2.png","Pearson residuals, whole catch, 18.PICT.2N (max=0.12) (plot 2 of 2) <br> 
Closed bubbles are positive residuals (observed > expected) and open bubbles are negative residuals (observed < expected).",NA,"LenComp",2025-08-18 03:26:50.53114,"StartTime: Sun Aug 17 19:52:23 2025"
"comp_lenfit_sampsize_flt18mkt0.png","N-EffN comparison, Length comps, whole catch, 18.PICT.2N",NA,"LenComp",2025-08-18 03:26:50.53114,"StartTime: Sun Aug 17 19:52:23 2025"
"comp_lenfit_data_weighting_TA1-8_18.PICT.2N.png","Mean length for 18.PICT.2N with 95% confidence intervals based on current sample sizes.<br>Francis data weighting method TA1.8: thinner intervals (with capped ends) show result of further adjusting sample sizes based on suggested multiplier (with 95% interval) for len data from 18.PICT.2N:<br>7499.6834 (4795.337-21501.4281) <br>For more info, see  <a href=https://doi.org/10.1139/f2011-025> Francis (2011)</a>.",NA,"LenComp",2025-08-18 03:26:50.53114,"StartTime: Sun Aug 17 19:52:23 2025"
"comp_lenfit_flt19mkt0.png","Length comps, whole catch, 19.PICT.2C.<br><br>'N adj.' is the input sample size after data-weighting adjustment. N eff. is the calculated effective sample size used in the McAllister-Ianelli tuning method.",NA,"LenComp",2025-08-18 03:26:50.53114,"StartTime: Sun Aug 17 19:52:23 2025"
"comp_lenfit_residsflt19mkt0.png","Pearson residuals, whole catch, 19.PICT.2C (max=0.03) <br> 
Closed bubbles are positive residuals (observed > expected) and open bubbles are negative residuals (observed < expected).",NA,"LenComp",2025-08-18 03:26:50.53114,"StartTime: Sun Aug 17 19:52:23 2025"
"comp_lenfit_sampsize_flt19mkt0.png","N-EffN comparison, Length comps, whole catch, 19.PICT.2C",NA,"LenComp",2025-08-18 03:26:50.53114,"StartTime: Sun Aug 17 19:52:23 2025"
"comp_lenfit_data_weighting_TA1-8_19.PICT.2C.png","Mean length for 19.PICT.2C with 95% confidence intervals based on current sample sizes.<br>Francis data weighting method TA1.8: thinner intervals (with capped ends) show result of further adjusting sample sizes based on suggested multiplier (with 95% interval) for len data from 19.PICT.2C:<br>5782.1087 (3359.3115-32162.5816) <br>For more info, see  <a href=https://doi.org/10.1139/f2011-025> Francis (2011)</a>.",NA,"LenComp",2025-08-18 03:26:50.53114,"StartTime: Sun Aug 17 19:52:23 2025"
"comp_sizefit__aggregated_across_time.png","Size comps, aggregated across time by fleet.
 <br> Labels 'retained' and 'discard' indicate discarded or retained sampled for each fleet. Panels without this designation represent the whole catch.
",NA,"SizeComp",2025-08-18 03:26:50.53114,"StartTime: Sun Aug 17 19:52:23 2025"
"comp_sizefit_flt4mkt0_page1.png","Size comps, whole catch, 04.AU.1N (plot 1 of 3).<br><br>'N adj.' is the input sample size after data-weighting adjustment. N eff. is the calculated effective sample size used in the McAllister-Ianelli tuning method.",NA,"SizeComp",2025-08-18 03:26:50.53114,"StartTime: Sun Aug 17 19:52:23 2025"
"comp_sizefit_flt4mkt0_page2.png","Size comps, whole catch, 04.AU.1N (plot 1 of 3).<br><br>'N adj.' is the input sample size after data-weighting adjustment. N eff. is the calculated effective sample size used in the McAllister-Ianelli tuning method. (plot 2 of 3)",NA,"SizeComp",2025-08-18 03:26:50.53114,"StartTime: Sun Aug 17 19:52:23 2025"
"comp_sizefit_flt4mkt0_page3.png","Size comps, whole catch, 04.AU.1N (plot 1 of 3).<br><br>'N adj.' is the input sample size after data-weighting adjustment. N eff. is the calculated effective sample size used in the McAllister-Ianelli tuning method. (plot 2 of 3) (plot 3 of 3)",NA,"SizeComp",2025-08-18 03:26:50.53114,"StartTime: Sun Aug 17 19:52:23 2025"
"comp_sizefit_residsflt4mkt0_page3.png","Pearson residuals, whole catch, 04.AU.1N (max=6.88) (plot 3 of 3) <br> 
Closed bubbles are positive residuals (observed > expected) and open bubbles are negative residuals (observed < expected).",NA,"SizeComp",2025-08-18 03:26:50.53114,"StartTime: Sun Aug 17 19:52:23 2025"
"comp_sizefit_sampsize_flt4mkt0.png","N-EffN comparison, Size comps, whole catch, 04.AU.1N",NA,"SizeComp",2025-08-18 03:26:50.53114,"StartTime: Sun Aug 17 19:52:23 2025"
"comp_sizefit_data_weighting_TA1-8_04.AU.1N.png","Mean size for 04.AU.1N with 95% confidence intervals based on current sample sizes.<br>Francis data weighting method TA1.8: thinner intervals (with capped ends) show result of further adjusting sample sizes based on suggested multiplier (with 95% interval) for size data from 04.AU.1N:<br>0.9597 (0.6059-1.9591) <br>For more info, see  <a href=https://doi.org/10.1139/f2011-025> Francis (2011)</a>.",NA,"SizeComp",2025-08-18 03:26:50.53114,"StartTime: Sun Aug 17 19:52:23 2025"
"comp_sizefit_flt5mkt0_page1.png","Size comps, whole catch, 05.AU.1C (plot 1 of 5).<br><br>'N adj.' is the input sample size after data-weighting adjustment. N eff. is the calculated effective sample size used in the McAllister-Ianelli tuning method.",NA,"SizeComp",2025-08-18 03:26:50.53114,"StartTime: Sun Aug 17 19:52:23 2025"
"comp_sizefit_flt5mkt0_page2.png","Size comps, whole catch, 05.AU.1C (plot 1 of 5).<br><br>'N adj.' is the input sample size after data-weighting adjustment. N eff. is the calculated effective sample size used in the McAllister-Ianelli tuning method. (plot 2 of 5)",NA,"SizeComp",2025-08-18 03:26:50.53114,"StartTime: Sun Aug 17 19:52:23 2025"
"comp_sizefit_flt5mkt0_page3.png","Size comps, whole catch, 05.AU.1C (plot 1 of 5).<br><br>'N adj.' is the input sample size after data-weighting adjustment. N eff. is the calculated effective sample size used in the McAllister-Ianelli tuning method. (plot 2 of 5) (plot 3 of 5)",NA,"SizeComp",2025-08-18 03:26:50.53114,"StartTime: Sun Aug 17 19:52:23 2025"
"comp_sizefit_flt5mkt0_page4.png","Size comps, whole catch, 05.AU.1C (plot 1 of 5).<br><br>'N adj.' is the input sample size after data-weighting adjustment. N eff. is the calculated effective sample size used in the McAllister-Ianelli tuning method. (plot 2 of 5) (plot 3 of 5) (plot 4 of 5)",NA,"SizeComp",2025-08-18 03:26:50.53114,"StartTime: Sun Aug 17 19:52:23 2025"
"comp_sizefit_flt5mkt0_page5.png","Size comps, whole catch, 05.AU.1C (plot 1 of 5).<br><br>'N adj.' is the input sample size after data-weighting adjustment. N eff. is the calculated effective sample size used in the McAllister-Ianelli tuning method. (plot 2 of 5) (plot 3 of 5) (plot 4 of 5) (plot 5 of 5)",NA,"SizeComp",2025-08-18 03:26:50.53114,"StartTime: Sun Aug 17 19:52:23 2025"
"comp_sizefit_residsflt5mkt0_page5.png","Pearson residuals, whole catch, 05.AU.1C (max=4.45) (plot 5 of 5) <br> 
Closed bubbles are positive residuals (observed > expected) and open bubbles are negative residuals (observed < expected).",NA,"SizeComp",2025-08-18 03:26:50.53114,"StartTime: Sun Aug 17 19:52:23 2025"
"comp_sizefit_sampsize_flt5mkt0.png","N-EffN comparison, Size comps, whole catch, 05.AU.1C",NA,"SizeComp",2025-08-18 03:26:50.53114,"StartTime: Sun Aug 17 19:52:23 2025"
"comp_sizefit_data_weighting_TA1-8_05.AU.1C.png","Mean size for 05.AU.1C with 95% confidence intervals based on current sample sizes.<br>Francis data weighting method TA1.8: thinner intervals (with capped ends) show result of further adjusting sample sizes based on suggested multiplier (with 95% interval) for size data from 05.AU.1C:<br>1.0966 (0.5489-3.117) <br>For more info, see  <a href=https://doi.org/10.1139/f2011-025> Francis (2011)</a>.",NA,"SizeComp",2025-08-18 03:26:50.53114,"StartTime: Sun Aug 17 19:52:23 2025"
"comp_sizefit_flt13mkt0_page1.png","Size comps, whole catch, 13.NZ.2C (plot 1 of 3).<br><br>'N adj.' is the input sample size after data-weighting adjustment. N eff. is the calculated effective sample size used in the McAllister-Ianelli tuning method.",NA,"SizeComp",2025-08-18 03:26:50.53114,"StartTime: Sun Aug 17 19:52:23 2025"
"comp_sizefit_flt13mkt0_page2.png","Size comps, whole catch, 13.NZ.2C (plot 1 of 3).<br><br>'N adj.' is the input sample size after data-weighting adjustment. N eff. is the calculated effective sample size used in the McAllister-Ianelli tuning method. (plot 2 of 3)",NA,"SizeComp",2025-08-18 03:26:50.53114,"StartTime: Sun Aug 17 19:52:23 2025"
"comp_sizefit_flt13mkt0_page3.png","Size comps, whole catch, 13.NZ.2C (plot 1 of 3).<br><br>'N adj.' is the input sample size after data-weighting adjustment. N eff. is the calculated effective sample size used in the McAllister-Ianelli tuning method. (plot 2 of 3) (plot 3 of 3)",NA,"SizeComp",2025-08-18 03:26:50.53114,"StartTime: Sun Aug 17 19:52:23 2025"
"comp_sizefit_residsflt13mkt0_page3.png","Pearson residuals, whole catch, 13.NZ.2C (max=2.68) (plot 3 of 3) <br> 
Closed bubbles are positive residuals (observed > expected) and open bubbles are negative residuals (observed < expected).",NA,"SizeComp",2025-08-18 03:26:50.53114,"StartTime: Sun Aug 17 19:52:23 2025"
"comp_sizefit_sampsize_flt13mkt0.png","N-EffN comparison, Size comps, whole catch, 13.NZ.2C",NA,"SizeComp",2025-08-18 03:26:50.53114,"StartTime: Sun Aug 17 19:52:23 2025"
"comp_sizefit_data_weighting_TA1-8_13.NZ.2C.png","Mean size for 13.NZ.2C with 95% confidence intervals based on current sample sizes.<br>Francis data weighting method TA1.8: thinner intervals (with capped ends) show result of further adjusting sample sizes based on suggested multiplier (with 95% interval) for size data from 13.NZ.2C:<br>0.895 (0.5911-2.102) <br>For more info, see  <a href=https://doi.org/10.1139/f2011-025> Francis (2011)</a>.",NA,"SizeComp",2025-08-18 03:26:50.53114,"StartTime: Sun Aug 17 19:52:23 2025"
"comp_condAALfit_residsflt5mkt0_page1.png","Pearson residuals, whole catch, 05.AU.1C (max=9.89) (plot 1 of 2)",NA,"A@LComp",2025-08-18 03:26:50.53114,"StartTime: Sun Aug 17 19:52:23 2025"
"comp_condAALfit_residsflt5mkt0_page2.png","Pearson residuals, whole catch, 05.AU.1C (max=9.89) (plot 2 of 2)",NA,"A@LComp",2025-08-18 03:26:50.53114,"StartTime: Sun Aug 17 19:52:23 2025"
"comp_condAALfit_data_weighting_TA1-8_condAge05.AU.1C.png","Mean age from conditional data (aggregated across length bins) for 05.AU.1C with 95% confidence intervals  based on current samples sizes.<br>Francis data weighting method TA1.8: thinner intervals (with capped ends) show result of further adjusting sample sizes based on suggested multiplier (with 95% interval) for conditional age-at-length data from 05.AU.1C:<br>1.1633 (0.8844-135.6585) <br>For more info, see  <a href=https://doi.org/10.1139/f2011-025> Francis (2011)</a> and  <a href=https://doi.org/10.1016/j.fishres.2015.12.006> Punt (2017)</a>.",NA,"A@LComp",2025-08-18 03:26:50.53114,"StartTime: Sun Aug 17 19:52:23 2025"
"comp_condAALfit_Andre_plotsflt5mkt0_page1.png","Conditional AAL plot, whole catch, 05.AU.1C (plot 1 of 3)
These plots show mean age and std. dev. in conditional A@L.<br>Left plots are mean A@L by size-class (obs. and exp.) with 90% CIs based on adding 1.64 SE of mean to the data.<br>Right plots in each pair are SE of mean A@L (obs. and exp.) with 90% CIs based on the chi-square distribution.",NA,"A@LComp",2025-08-18 03:26:50.53114,"StartTime: Sun Aug 17 19:52:23 2025"
"comp_condAALfit_Andre_plotsflt5mkt0_page2.png","Conditional AAL plot, whole catch, 05.AU.1C (plot 2 of 3)",NA,"A@LComp",2025-08-18 03:26:50.53114,"StartTime: Sun Aug 17 19:52:23 2025"
"comp_condAALfit_Andre_plotsflt5mkt0_page3.png","Conditional AAL plot, whole catch, 05.AU.1C (plot 3 of 3)",NA,"A@LComp",2025-08-18 03:26:50.53114,"StartTime: Sun Aug 17 19:52:23 2025"
"yield1_yield_curve.png","Yield curve",NA,"Yield",2025-08-18 03:26:50.53114,"StartTime: Sun Aug 17 19:52:23 2025"
"yield2_yield_curve_with_refpoints.png","Yield curve with reference points",NA,"Yield",2025-08-18 03:26:50.53114,"StartTime: Sun Aug 17 19:52:23 2025"
"yield3_surplus_production.png","Surplus production vs. total biomass plot. For interpretation, see<br> <blockquote>Walters, Hilborn, and  Christensen, 2008, Surplus production dynamics in declining and recovering fish populations. <i>Can. J. Fish. Aquat. Sci.</i> 65: 2536-2551. <a href='https://doi.org/10.1139/F08-170'>https://doi.org/10.1139/F08-170</a>.</blockquote>",NA,"Yield",2025-08-18 03:26:50.53114,"StartTime: Sun Aug 17 19:52:23 2025"
"yield4_surplus_production.png","Surplus production vs. spawning biomass plot. For interpretation, see<br> <blockquote>Forrest, Kronlund, Cleary, and Grinnell. 2023. An evidence-based approach for selecting a limit reference point for Pacific herring (<i>Clupea pallasii</i>) stocks in British Columbia, Canada. <i>Can. J. Fish. Aquat. Sci.</i> 80: 1071-1083. <a href='https://doi.org/10.1139/cjfas-2022-0168'>https://doi.org/10.1139/cjfas-2022-0168</a>.</blockquote>",NA,"Yield",2025-08-18 03:26:50.53114,"StartTime: Sun Aug 17 19:52:23 2025"
"yield5_YPR_timeseries.png","Time series of yield per recruit (kg)",NA,"Yield",2025-08-18 03:26:50.53114,"StartTime: Sun Aug 17 19:52:23 2025"
"move1_movement_rates_seas1.png","Movement rates
(fraction moving per year in season 1)",NA,"Move",2025-08-18 03:26:50.53114,"StartTime: Sun Aug 17 19:52:23 2025"
"move1_movement_rates_seas2.png","Movement rates
(fraction moving per year in season 2)",NA,"Move",2025-08-18 03:26:50.53114,"StartTime: Sun Aug 17 19:52:23 2025"
"move1_movement_rates_seas3.png","Movement rates
(fraction moving per year in season 3)",NA,"Move",2025-08-18 03:26:50.53114,"StartTime: Sun Aug 17 19:52:23 2025"
"move1_movement_rates_seas4.png","Movement rates
(fraction moving per year in season 4)",NA,"Move",2025-08-18 03:26:50.53114,"StartTime: Sun Aug 17 19:52:23 2025"
"data_plot.png","Data presence by year for each fleet and data type.",NA,"Data",2025-08-18 03:26:50.53114,"StartTime: Sun Aug 17 19:52:23 2025"
"data_plot2.png","Data presence by year for each fleet, where circle area is <br>  relative within a data type. Circles are proportional to <br>  total catch for catches; to precision for indices, discards, and <br>  mean body weight observations; and to total sample size for <br> compositions and mean weight- or length-at-age observations. <br> Observations excluded from the likelihood have <br> equal size for all years. <br> Note that since the circles are are scaled relative <br>  to maximum within each type, the scaling within separate plots <br>  should not be compared. <br>This is a seasonal model, so scaling is based on either <br>  the sum of samples within each year (for things like comps) <br>  or the average among observations within a year (for  <br>  things like index uncertainty).",NA,"Data",2025-08-18 03:26:50.53114,"StartTime: Sun Aug 17 19:52:23 2025"
"parameter_distributions_page1.png","Parameter distribution plots (plot 1 of 3). <br>Deviation parameters are not included. <br>Plotting range is equal to input limits on parameters. Use fitrange = TRUE to scale the range to the estimates.",NA,"Pars",2025-08-18 03:26:50.53114,"StartTime: Sun Aug 17 19:52:23 2025"
"parameter_distributions_page2.png","Parameter distribution plots (plot 2 of 3).",NA,"Pars",2025-08-18 03:26:50.53114,"StartTime: Sun Aug 17 19:52:23 2025"
"parameter_distributions_page3.png","Parameter distribution plots (plot 3 of 3).",NA,"Pars",2025-08-18 03:26:50.53114,"StartTime: Sun Aug 17 19:52:23 2025"
"parameterchecks.html","<b>Estimated parameters (excluding deviation parameters)</b><br> Any parameter with a gradient value with an absolute value above 0.001 or a parameter on bounds is colored in red.",NA,"DiagnosticTables",2025-08-18 03:26:50.53114,"StartTime: Sun Aug 17 19:52:23 2025"
"correlationcheck.html","<b>Highly correlated parameter pairs</b><br> Pairs of parameters with the  50  highest correlations, sorted by absolute value of the correlation. Correlations above 0.95 (in absolute value) are colored in red. These parameters may be confounded or may cause convergence issues.",NA,"DiagnosticTables",2025-08-18 03:26:50.53114,"StartTime: Sun Aug 17 19:52:23 2025"
"lowcorrelationcheck.html","<b>Parameters with low correlations</b><br> Estimated parameters that are the least correlated with all other parameters. The correlation value represents the maximum correlation between the parameter in question and all other estimated parameters. Uncorrelated parameters may not be playing a significant role in the model. Maximum correlations below 0.01 are colored in red.",NA,"DiagnosticTables",2025-08-18 03:26:50.53114,"StartTime: Sun Aug 17 19:52:23 2025"
