Sex,Yr,Age,F
1,1952,0,2.10000000000488e-05
1,1953,0,3.2000000000032e-05
1,1954,0,0.00017900000000004
1,1955,0,0.000167000000000028
1,1956,0,0.000141999999999975
1,1957,0,0.000241000000000047
1,1958,0,0.000280999999999976
1,1959,0,0.000211000000000072
1,1960,0,0.000186000000000019
1,1961,0,0.000388000000000055
1,1962,0,0.000326000000000048
1,1963,0,0.000543999999999989
1,1964,0,0.000207999999999986
1,1965,0,0.000458000000000069
1,1966,0,0.000485999999999986
1,1967,0,0.000492000000000048
1,1968,0,0.000404999999999989
1,1969,0,0.00029200000000007
1,1970,0,0.000395000000000034
1,1971,0,0.000523000000000051
1,1972,0,0.000431999999999988
1,1973,0,0.000385999999999997
1,1974,0,0.000631000000000048
1,1975,0,0.000690999999999997
1,1976,0,0.000940000000000052
1,1977,0,0.000469000000000053
1,1978,0,0.00055000000000005
1,1979,0,0.00100299999999998
1,1980,0,0.00107800000000002
1,1981,0,0.00128400000000006
1,1982,0,0.000902999999999987
1,1983,0,0.000638000000000027
1,1984,0,0.00096099999999999
1,1985,0,0.00122800000000001
1,1986,0,0.000892000000000004
1,1987,0,0.00101899999999999
1,1988,0,0.001772
1,1989,0,0.00119800000000003
1,1990,0,0.001309
1,1991,0,0.00090800000000002
1,1992,0,0.00120799999999999
1,1993,0,0.00108600000000003
1,1994,0,0.00162899999999999
1,1995,0,0.00129900000000005
1,1996,0,0.00145700000000004
1,1997,0,0.00170500000000007
1,1998,0,0.00293900000000002
1,1999,0,0.003305
1,2000,0,0.00310299999999997
1,2001,0,0.00398900000000002
1,2002,0,0.00633600000000001
1,2003,0,0.00476799999999999
1,2004,0,0.006548
1,2005,0,0.00414599999999998
1,2006,0,0.00578699999999999
1,2007,0,0.00456900000000005
1,2008,0,0.00609599999999999
1,2009,0,0.00682100000000008
1,2010,0,0.00474399999999997
1,2011,0,0.00714100000000006
1,2012,0,0.00654100000000002
1,2013,0,0.00724500000000006
1,2014,0,0.00842200000000004
1,2015,0,0.00932699999999997
1,2016,0,0.00903500000000002
1,2017,0,0.00956400000000002
1,2018,0,0.010491
1,2019,0,0.00810299999999997
1,2020,0,0.00509000000000004
1,2021,0,0.00503300000000007
1,2022,0,0.00633300000000003
2,1952,0,2.59999999999705e-05
2,1953,0,4.30000000000152e-05
2,1954,0,0.000248000000000026
2,1955,0,0.000211000000000072
2,1956,0,0.000190000000000023
2,1957,0,0.000307999999999975
2,1958,0,0.000367000000000006
2,1959,0,0.000273999999999996
2,1960,0,0.000245999999999968
2,1961,0,0.00048999999999999
2,1962,0,0.000429000000000013
2,1963,0,0.000705999999999984
2,1964,0,0.000271000000000021
2,1965,0,0.00062300000000004
2,1966,0,0.000649000000000011
2,1967,0,0.000642000000000031
2,1968,0,0.000578999999999996
2,1969,0,0.000400000000000067
2,1970,0,0.000562000000000062
2,1971,0,0.000739000000000045
2,1972,0,0.000622000000000011
2,1973,0,0.000546000000000046
2,1974,0,0.000906999999999991
2,1975,0,0.000886999999999971
2,1976,0,0.00125399999999998
2,1977,0,0.000580000000000025
2,1978,0,0.000707000000000013
2,1979,0,0.00128800000000007
2,1980,0,0.00139900000000004
2,1981,0,0.00164799999999998
2,1982,0,0.00120300000000007
2,1983,0,0.000827000000000022
2,1984,0,0.00125200000000003
2,1985,0,0.00157400000000008
2,1986,0,0.00114500000000006
2,1987,0,0.00131800000000004
2,1988,0,0.00220799999999999
2,1989,0,0.001525
2,1990,0,0.00168500000000005
2,1991,0,0.00115900000000002
2,1992,0,0.00152099999999999
2,1993,0,0.00134000000000001
2,1994,0,0.002
2,1995,0,0.00160800000000005
2,1996,0,0.00186500000000001
2,1997,0,0.00227699999999997
2,1998,0,0.00384400000000007
2,1999,0,0.00431700000000002
2,2000,0,0.00397599999999998
2,2001,0,0.00515200000000005
2,2002,0,0.00801399999999997
2,2003,0,0.00594899999999998
2,2004,0,0.00818399999999997
2,2005,0,0.00529100000000005
2,2006,0,0.00734600000000007
2,2007,0,0.00578000000000001
2,2008,0,0.00757600000000003
2,2009,0,0.00839699999999999
2,2010,0,0.00589300000000004
2,2011,0,0.00882000000000005
2,2012,0,0.00803799999999999
2,2013,0,0.00892000000000004
2,2014,0,0.01035
2,2015,0,0.011422
2,2016,0,0.011189
2,2017,0,0.01186
2,2018,0,0.0128900000000001
2,2019,0,0.010073
2,2020,0,0.00632699999999997
2,2021,0,0.006332
2,2022,0,0.00789300000000004
1,1952,1,8.5999999999975e-05
1,1953,1,0.000193999999999972
1,1954,1,0.00114799999999998
1,1955,1,0.00123400000000001
1,1956,1,0.000993000000000022
1,1957,1,0.00112299999999999
1,1958,1,0.00176399999999999
1,1959,1,0.00168299999999999
1,1960,1,0.00120199999999998
1,1961,1,0.00209999999999999
1,1962,1,0.00225799999999998
1,1963,1,0.003363
1,1964,1,0.00163000000000002
1,1965,1,0.004081
1,1966,1,0.00430199999999997
1,1967,1,0.00345099999999998
1,1968,1,0.005027
1,1969,1,0.00345899999999999
1,1970,1,0.00373299999999999
1,1971,1,0.00560699999999997
1,1972,1,0.00543199999999999
1,1973,1,0.00479400000000002
1,1974,1,0.00653399999999998
1,1975,1,0.00453799999999999
1,1976,1,0.00737399999999999
1,1977,1,0.00267299999999998
1,1978,1,0.00366899999999998
1,1979,1,0.00617099999999998
1,1980,1,0.00716699999999998
1,1981,1,0.00808900000000001
1,1982,1,0.00747399999999998
1,1983,1,0.00492199999999998
1,1984,1,0.00642900000000002
1,1985,1,0.00841500000000001
1,1986,1,0.00683600000000001
1,1987,1,0.00719399999999998
1,1988,1,0.011152
1,1989,1,0.00900000000000001
1,1990,1,0.008214
1,1991,1,0.00665399999999999
1,1992,1,0.00805600000000001
1,1993,1,0.00687100000000002
1,1994,1,0.00964500000000001
1,1995,1,0.007247
1,1996,1,0.010347
1,1997,1,0.014175
1,1998,1,0.019682
1,1999,1,0.022922
1,2000,1,0.024064
1,2001,1,0.029583
1,2002,1,0.035647
1,2003,1,0.030761
1,2004,1,0.038294
1,2005,1,0.027185
1,2006,1,0.03449
1,2007,1,0.030604
1,2008,1,0.032937
1,2009,1,0.033455
1,2010,1,0.025697
1,2011,1,0.035413
1,2012,1,0.034499
1,2013,1,0.035321
1,2014,1,0.04083
1,2015,1,0.044023
1,2016,1,0.040875
1,2017,1,0.043482
1,2018,1,0.049593
1,2019,1,0.039251
1,2020,1,0.026759
1,2021,1,0.026592
1,2022,1,0.030247
2,1952,1,9.9999999999989e-05
2,1953,1,0.000226999999999977
2,1954,1,0.00137199999999998
2,1955,1,0.00157600000000002
2,1956,1,0.00129000000000001
2,1957,1,0.001336
2,1958,1,0.002166
2,1959,1,0.00213600000000003
2,1960,1,0.00150499999999998
2,1961,1,0.00262899999999999
2,1962,1,0.00273099999999998
2,1963,1,0.00408700000000001
2,1964,1,0.002
2,1965,1,0.00497599999999998
2,1966,1,0.00533299999999998
2,1967,1,0.00428400000000001
2,1968,1,0.006218
2,1969,1,0.00438300000000003
2,1970,1,0.004583
2,1971,1,0.00698900000000002
2,1972,1,0.00686100000000001
2,1973,1,0.006019
2,1974,1,0.00806200000000001
2,1975,1,0.005577
2,1976,1,0.00905
2,1977,1,0.00329000000000002
2,1978,1,0.00446600000000003
2,1979,1,0.00758399999999998
2,1980,1,0.008766
2,1981,1,0.009994
2,1982,1,0.00931399999999999
2,1983,1,0.00617200000000001
2,1984,1,0.00786500000000001
2,1985,1,0.010302
2,1986,1,0.00859799999999999
2,1987,1,0.00897199999999998
2,1988,1,0.01389
2,1989,1,0.011136
2,1990,1,0.010093
2,1991,1,0.00827099999999997
2,1992,1,0.010035
2,1993,1,0.00850899999999999
2,1994,1,0.011968
2,1995,1,0.00889299999999998
2,1996,1,0.012793
2,1997,1,0.017556
2,1998,1,0.024304
2,1999,1,0.028203
2,2000,1,0.029982
2,2001,1,0.036878
2,2002,1,0.043812
2,2003,1,0.038612
2,2004,1,0.047667
2,2005,1,0.034265
2,2006,1,0.044148
2,2007,1,0.039903
2,2008,1,0.041117
2,2009,1,0.040906
2,2010,1,0.031857
2,2011,1,0.043439
2,2012,1,0.042639
2,2013,1,0.043354
2,2014,1,0.049948
2,2015,1,0.053754
2,2016,1,0.049682
2,2017,1,0.052617
2,2018,1,0.060499
2,2019,1,0.048079
2,2020,1,0.033455
2,2021,1,0.033396
2,2022,1,0.037153
1,1952,2,0.000146000000000035
1,1953,2,0.000339000000000034
1,1954,2,0.002027
1,1955,2,0.00273500000000004
1,1956,2,0.00223800000000002
1,1957,2,0.00193900000000002
1,1958,2,0.00333900000000004
1,1959,2,0.00368500000000005
1,1960,2,0.00247600000000003
1,1961,2,0.00433600000000001
1,1962,2,0.00412400000000002
1,1963,2,0.00618500000000005
1,1964,2,0.00311400000000001
1,1965,2,0.00741200000000003
1,1966,2,0.00837300000000002
1,1967,2,0.006803
1,1968,2,0.009718
1,1969,2,0.00735000000000002
1,1970,2,0.00707200000000002
1,1971,2,0.011297
1,1972,2,0.011316
1,1973,2,0.00988800000000001
1,1974,2,0.012631
1,1975,2,0.00865900000000003
1,1976,2,0.013995
1,1977,2,0.00534700000000005
1,1978,2,0.00679300000000005
1,1979,2,0.0120130000000001
1,1980,2,0.013622
1,1981,2,0.016347
1,1982,2,0.01541
1,1983,2,0.010229
1,1984,2,0.0121540000000001
1,1985,2,0.015769
1,1986,2,0.014417
1,1987,2,0.0146210000000001
1,1988,2,0.0225050000000001
1,1989,2,0.017779
1,1990,2,0.015595
1,1991,2,0.013047
1,1992,2,0.015902
1,1993,2,0.013346
1,1994,2,0.018859
1,1995,2,0.013636
1,1996,2,0.0200050000000001
1,1997,2,0.027655
1,1998,2,0.037638
1,1999,2,0.043483
1,2000,2,0.048908
1,2001,2,0.059376
1,2002,2,0.0679920000000001
1,2003,2,0.064297
1,2004,2,0.076378
1,2005,2,0.057847
1,2006,2,0.074918
1,2007,2,0.072958
1,2008,2,0.068553
1,2009,2,0.063527
1,2010,2,0.051625
1,2011,2,0.067864
1,2012,2,0.068628
1,2013,2,0.068209
1,2014,2,0.077416
1,2015,2,0.082892
1,2016,2,0.074426
1,2017,2,0.078311
1,2018,2,0.092574
1,2019,2,0.074085
1,2020,2,0.05588
1,2021,2,0.054741
1,2022,2,0.058035
2,1952,2,0.000151999999999985
2,1953,2,0.000354000000000021
2,1954,2,0.00212400000000001
2,1955,2,0.00300400000000001
2,1956,2,0.00244899999999998
2,1957,2,0.00204100000000002
2,1958,2,0.00354900000000002
2,1959,2,0.004021
2,1960,2,0.00268600000000002
2,1961,2,0.00470500000000001
2,1962,2,0.00433800000000001
2,1963,2,0.00653500000000001
2,1964,2,0.00329099999999999
2,1965,2,0.00771100000000002
2,1966,2,0.00884600000000002
2,1967,2,0.00726199999999999
2,1968,2,0.010189
2,1969,2,0.007878
2,1970,2,0.00744699999999998
2,1971,2,0.012033
2,1972,2,0.012075
2,1973,2,0.010455
2,1974,2,0.013314
2,1975,2,0.00916699999999998
2,1976,2,0.014818
2,1977,2,0.005774
2,1978,2,0.00711899999999999
2,1979,2,0.012827
2,1980,2,0.014456
2,1981,2,0.017613
2,1982,2,0.016584
2,1983,2,0.010975
2,1984,2,0.01288
2,1985,2,0.016623
2,1986,2,0.015602
2,1987,2,0.015733
2,1988,2,0.024123
2,1989,2,0.018896
2,1990,2,0.016577
2,1991,2,0.01386
2,1992,2,0.016868
2,1993,2,0.014078
2,1994,2,0.019972
2,1995,2,0.014371
2,1996,2,0.021037
2,1997,2,0.028968
2,1998,2,0.039445
2,1999,2,0.04557
2,2000,2,0.0518
2,2001,2,0.062933
2,2002,2,0.071761
2,2003,2,0.069007
2,2004,2,0.081659
2,2005,2,0.062618
2,2006,2,0.081474
2,2007,2,0.080799
2,2008,2,0.074648
2,2009,2,0.068005
2,2010,2,0.055516
2,2011,2,0.072519
2,2012,2,0.073835
2,2013,2,0.073111
2,2014,2,0.0827
2,2015,2,0.088635
2,2016,2,0.078936
2,2017,2,0.082984
2,2018,2,0.098632
2,2019,2,0.079045
2,2020,2,0.060934
2,2021,2,0.059242
2,2022,2,0.062332
1,1952,3,0.000164999999999971
1,1953,3,0.000394999999999979
1,1954,3,0.00236500000000001
1,1955,3,0.003529
1,1956,3,0.00284699999999999
1,1957,3,0.00220399999999998
1,1958,3,0.00395800000000002
1,1959,3,0.004633
1,1960,3,0.003104
1,1961,3,0.00539499999999998
1,1962,3,0.004832
1,1963,3,0.00719700000000001
1,1964,3,0.00367000000000001
1,1965,3,0.00846000000000002
1,1966,3,0.00992399999999999
1,1967,3,0.00823999999999997
1,1968,3,0.011431
1,1969,3,0.00919599999999998
1,1970,3,0.00842900000000002
1,1971,3,0.01408
1,1972,3,0.01413
1,1973,3,0.011925
1,1974,3,0.01508
1,1975,3,0.010207
1,1976,3,0.016641
1,1977,3,0.00657099999999999
1,1978,3,0.007739
1,1979,3,0.014447
1,1980,3,0.016176
1,1981,3,0.02037
1,1982,3,0.019269
1,1983,3,0.012625
1,1984,3,0.01444
1,1985,3,0.018308
1,1986,3,0.018138
1,1987,3,0.018092
1,1988,3,0.027184
1,1989,3,0.021098
1,1990,3,0.018454
1,1991,3,0.015481
1,1992,3,0.018811
1,1993,3,0.015329
1,1994,3,0.021762
1,1995,3,0.015496
1,1996,3,0.022811
1,1997,3,0.031801
1,1998,3,0.042534
1,1999,3,0.048823
1,2000,3,0.056322
1,2001,3,0.068134
1,2002,3,0.076773
1,2003,3,0.076615
1,2004,3,0.08932
1,2005,3,0.071024
1,2006,3,0.091936
1,2007,3,0.094712
1,2008,3,0.084017
1,2009,3,0.073499
1,2010,3,0.061016
1,2011,3,0.07826
1,2012,3,0.080949
1,2013,3,0.079359
1,2014,3,0.088752
1,2015,3,0.095217
1,2016,3,0.083483
1,2017,3,0.087765
1,2018,3,0.10515
1,2019,3,0.085555
1,2020,3,0.068845
1,2021,3,0.066079
1,2022,3,0.068535
2,1952,3,0.000165999999999999
2,1953,3,0.000396999999999981
2,1954,3,0.00238099999999997
2,1955,3,0.00359199999999998
2,1956,3,0.00288499999999997
2,1957,3,0.00222299999999997
2,1958,3,0.003996
2,1959,3,0.00469599999999998
2,1960,3,0.00314899999999996
2,1961,3,0.00547300000000001
2,1962,3,0.00487399999999999
2,1963,3,0.00726499999999997
2,1964,3,0.00370299999999996
2,1965,3,0.00850200000000001
2,1966,3,0.010009
2,1967,3,0.00834299999999999
2,1968,3,0.011507
2,1969,3,0.00931699999999996
2,1970,3,0.00850699999999999
2,1971,3,0.01428
2,1972,3,0.014321
2,1973,3,0.012027
2,1974,3,0.015219
2,1975,3,0.010328
2,1976,3,0.016822
2,1977,3,0.00667699999999999
2,1978,3,0.00779099999999999
2,1979,3,0.014622
2,1980,3,0.016347
2,1981,3,0.020693
2,1982,3,0.019562
2,1983,3,0.012805
2,1984,3,0.014605
2,1985,3,0.018469
2,1986,3,0.01844
2,1987,3,0.018383
2,1988,3,0.027559
2,1989,3,0.021326
2,1990,3,0.018654
2,1991,3,0.015649
2,1992,3,0.019041
2,1993,3,0.015463
2,1994,3,0.021969
2,1995,3,0.015638
2,1996,3,0.022961
2,1997,3,0.032
2,1998,3,0.042795
2,1999,3,0.049074
2,2000,3,0.056712
2,2001,3,0.068666
2,2002,3,0.077409
2,2003,3,0.077543
2,2004,3,0.090289
2,2005,3,0.072073
2,2006,3,0.093227
2,2007,3,0.096562
2,2008,3,0.085327
2,2009,3,0.074311
2,2010,3,0.061761
2,2011,3,0.079133
2,2012,3,0.08197
2,2013,3,0.080299
2,2014,3,0.089675
2,2015,3,0.096338
2,2016,3,0.084229
2,2017,3,0.088552
2,2018,3,0.10614
2,2019,3,0.086471
2,2020,3,0.069943
2,2021,3,0.066943
2,2022,3,0.069427
1,1952,4,0.000155000000000016
1,1953,4,0.000392999999999977
1,1954,4,0.00239800000000001
1,1955,4,0.003612
1,1956,4,0.002884
1,1957,4,0.002114
1,1958,4,0.00395499999999999
1,1959,4,0.004658
1,1960,4,0.003166
1,1961,4,0.00539600000000001
1,1962,4,0.00493899999999997
1,1963,4,0.00717699999999999
1,1964,4,0.00372600000000001
1,1965,4,0.00865499999999997
1,1966,4,0.010189
1,1967,4,0.00848699999999997
1,1968,4,0.011973
1,1969,4,0.00988600000000001
1,1970,4,0.008907
1,1971,4,0.01545
1,1972,4,0.015509
1,1973,4,0.012553
1,1974,4,0.015873
1,1975,4,0.010409
1,1976,4,0.017172
1,1977,4,0.00660099999999997
1,1978,4,0.00769399999999998
1,1979,4,0.014621
1,1980,4,0.016432
1,1981,4,0.021134
1,1982,4,0.020194
1,1983,4,0.013114
1,1984,4,0.014788
1,1985,4,0.018361
1,1986,4,0.018833
1,1987,4,0.018715
1,1988,4,0.027463
1,1989,4,0.021357
1,1990,4,0.018575
1,1991,4,0.015756
1,1992,4,0.019252
1,1993,4,0.015199
1,1994,4,0.021419
1,1995,4,0.015167
1,1996,4,0.022677
1,1997,4,0.032446
1,1998,4,0.042488
1,1999,4,0.048284
1,2000,4,0.055621
1,2001,4,0.06716
1,2002,4,0.0748
1,2003,4,0.076387
1,2004,4,0.087544
1,2005,4,0.071593
1,2006,4,0.091299
1,2007,4,0.096337
1,2008,4,0.082582
1,2009,4,0.069943
1,2010,4,0.059234
1,2011,4,0.07472
1,2012,4,0.078193
1,2013,4,0.076171
1,2014,4,0.084257
1,2015,4,0.090651
1,2016,4,0.078821
1,2017,4,0.082527
1,2018,4,0.099007
1,2019,4,0.082254
1,2020,4,0.067828
1,2021,4,0.064734
1,2022,4,0.066475
2,1952,4,0.000162999999999969
2,1953,4,0.000402999999999987
2,1954,4,0.00244
2,1955,4,0.00365399999999999
2,1956,4,0.00291399999999997
2,1957,4,0.00218099999999999
2,1958,4,0.004027
2,1959,4,0.004714
2,1960,4,0.00320799999999999
2,1961,4,0.00550400000000001
2,1962,4,0.00500699999999998
2,1963,4,0.00730999999999998
2,1964,4,0.003778
2,1965,4,0.00875199999999998
2,1966,4,0.010297
2,1967,4,0.00858700000000001
2,1968,4,0.012018
2,1969,4,0.009878
2,1970,4,0.00894499999999998
2,1971,4,0.015384
2,1972,4,0.015433
2,1973,4,0.01262
2,1974,4,0.015944
2,1975,4,0.010554
2,1976,4,0.017336
2,1977,4,0.00672999999999996
2,1978,4,0.00783600000000001
2,1979,4,0.014849
2,1980,4,0.016666
2,1981,4,0.021396
2,1982,4,0.020371
2,1983,4,0.013258
2,1984,4,0.014985
2,1985,4,0.018661
2,1986,4,0.019043
2,1987,4,0.01895
2,1988,4,0.027921
2,1989,4,0.021657
2,1990,4,0.018877
2,1991,4,0.015953
2,1992,4,0.019513
2,1993,4,0.01549
2,1994,4,0.021859
2,1995,4,0.015505
2,1996,4,0.023032
2,1997,4,0.032798
2,1998,4,0.043141
2,1999,4,0.049019
2,2000,4,0.056393
2,2001,4,0.06814
2,2002,4,0.076327
2,2003,4,0.077563
2,2004,4,0.089133
2,2005,4,0.072598
2,2006,4,0.092566
2,2007,4,0.097296
2,2008,4,0.08397
2,2009,4,0.071461
2,2010,4,0.060374
2,2011,4,0.076506
2,2012,4,0.079824
2,2013,4,0.077892
2,2014,4,0.086188
2,2015,4,0.092733
2,2016,4,0.080782
2,2017,4,0.084689
2,2018,4,0.101419
2,2019,4,0.084112
2,2020,4,0.068926
2,2021,4,0.06577
2,2022,4,0.06792
1,1952,5,0.000132999999999994
1,1953,5,0.000361
1,1954,5,0.002303
1,1955,5,0.00341599999999997
1,1956,5,0.00272899999999998
1,1957,5,0.00190399999999996
1,1958,5,0.00372600000000001
1,1959,5,0.00435199999999997
1,1960,5,0.00301899999999999
1,1961,5,0.00502399999999997
1,1962,5,0.004803
1,1963,5,0.006776
1,1964,5,0.003585
1,1965,5,0.00850600000000001
1,1966,5,0.00995699999999999
1,1967,5,0.00829299999999999
1,1968,5,0.012051
1,1969,5,0.010155
1,1970,5,0.00903300000000001
1,1971,5,0.01635
1,1972,5,0.016379
1,1973,5,0.01259
1,1974,5,0.015981
1,1975,5,0.010129
1,1976,5,0.016897
1,1977,5,0.00618099999999999
1,1978,5,0.00728099999999998
1,1979,5,0.01398
1,1980,5,0.015848
1,1981,5,0.020673
1,1982,5,0.019919
1,1983,5,0.012858
1,1984,5,0.014434
1,1985,5,0.01751
1,1986,5,0.018299
1,1987,5,0.018187
1,1988,5,0.026134
1,1989,5,0.020447
1,1990,5,0.017703
1,1991,5,0.015244
1,1992,5,0.018834
1,1993,5,0.014349
1,1994,5,0.020016
1,1995,5,0.014129
1,1996,5,0.021555
1,1997,5,0.031798
1,1998,5,0.040856
1,1999,5,0.045948
1,2000,5,0.052307
1,2001,5,0.063058
1,2002,5,0.069674
1,2003,5,0.072164
1,2004,5,0.081298
1,2005,5,0.067744
1,2006,5,0.085256
1,2007,5,0.090855
1,2008,5,0.075634
1,2009,5,0.06248
1,2010,5,0.053863
1,2011,5,0.066853
1,2012,5,0.070637
1,2013,5,0.06875
1,2014,5,0.075295
1,2015,5,0.081341
1,2016,5,0.070694
1,2017,5,0.073392
1,2018,5,0.08769
1,2019,5,0.074614
1,2020,5,0.062278
1,2021,5,0.059426
1,2022,5,0.060439
2,1952,5,0.000155999999999989
2,1953,5,0.000397999999999954
2,1954,5,0.00244299999999997
2,1955,5,0.00355799999999995
2,1956,5,0.00283499999999998
2,1957,5,0.00208999999999998
2,1958,5,0.00394999999999995
2,1959,5,0.00455899999999998
2,1960,5,0.00315299999999996
2,1961,5,0.00533499999999998
2,1962,5,0.00502899999999995
2,1963,5,0.007187
2,1964,5,0.00376399999999999
2,1965,5,0.00887299999999996
2,1966,5,0.010351
2,1967,5,0.00859299999999996
2,1968,5,0.012324
2,1969,5,0.010164
2,1970,5,0.00919099999999995
2,1971,5,0.016122
2,1972,5,0.016152
2,1973,5,0.01292
2,1974,5,0.016336
2,1975,5,0.010534
2,1976,5,0.017431
2,1977,5,0.006546
2,1978,5,0.00772899999999999
2,1979,5,0.014666
2,1980,5,0.016554
2,1981,5,0.02139
2,1982,5,0.020507
2,1983,5,0.013307
2,1984,5,0.015002
2,1985,5,0.018457
2,1986,5,0.018956
2,1987,5,0.018887
2,1988,5,0.027463
2,1989,5,0.021433
2,1990,5,0.018623
2,1991,5,0.015873
2,1992,5,0.019537
2,1993,5,0.0152119999999999
2,1994,5,0.021294
2,1995,5,0.015083
2,1996,5,0.022717
2,1997,5,0.0330839999999999
2,1998,5,0.042896
2,1999,5,0.048398
2,2000,5,0.055091
2,2001,5,0.066351
2,2002,5,0.074029
2,2003,5,0.075633
2,2004,5,0.085938
2,2005,5,0.070819
2,2006,5,0.089108
2,2007,5,0.093897
2,2008,5,0.07979
2,2009,5,0.066992
2,2010,5,0.057251
2,2011,5,0.07187
2,2012,5,0.075376
2,2013,5,0.073491
2,2014,5,0.080785
2,2015,5,0.086981
2,2016,5,0.0759649999999999
2,2017,5,0.0793759999999999
2,2018,5,0.094544
2,2019,5,0.079783
2,2020,5,0.065499
2,2021,5,0.062524
2,2022,5,0.064395
1,1952,6,0.000109999999999999
1,1953,6,0.000317000000000012
1,1954,6,0.002133
1,1955,6,0.00314500000000001
1,1956,6,0.002526
1,1957,6,0.00167100000000001
1,1958,6,0.003413
1,1959,6,0.00395900000000002
1,1960,6,0.002801
1,1961,6,0.00457100000000002
1,1962,6,0.00453400000000001
1,1963,6,0.00621099999999999
1,1964,6,0.00334000000000001
1,1965,6,0.00805200000000003
1,1966,6,0.009408
1,1967,6,0.00788000000000003
1,1968,6,0.011684
1,1969,6,0.010147
1,1970,6,0.00884799999999999
1,1971,6,0.016823
1,1972,6,0.016789
1,1973,6,0.012128
1,1974,6,0.015506
1,1975,6,0.00961100000000001
1,1976,6,0.016142
1,1977,6,0.00565299999999999
1,1978,6,0.00666999999999998
1,1979,6,0.013016
1,1980,6,0.014899
1,1981,6,0.019741
1,1982,6,0.019048
1,1983,6,0.012231
1,1984,6,0.013728
1,1985,6,0.016213
1,1986,6,0.017253
1,1987,6,0.017132
1,1988,6,0.024208
1,1989,6,0.01899
1,1990,6,0.016405
1,1991,6,0.014333
1,1992,6,0.01797
1,1993,6,0.01318
1,1994,6,0.018231
1,1995,6,0.012838
1,1996,6,0.019868
1,1997,6,0.030065
1,1998,6,0.038141
1,1999,6,0.042518
1,2000,6,0.047917
1,2001,6,0.05771
1,2002,6,0.063437
1,2003,6,0.06678
1,2004,6,0.074053
1,2005,6,0.062552
1,2006,6,0.078269
1,2007,6,0.084121
1,2008,6,0.067893
1,2009,6,0.054927
1,2010,6,0.047962
1,2011,6,0.058503
1,2012,6,0.062439
1,2013,6,0.060987
1,2014,6,0.066189
1,2015,6,0.071989
1,2016,6,0.06257
1,2017,6,0.064168
1,2018,6,0.076406
1,2019,6,0.066421
1,2020,6,0.056095
1,2021,6,0.053582
1,2022,6,0.053876
2,1952,6,0.00014900000000001
2,1953,6,0.000390999999999975
2,1954,6,0.00243700000000002
2,1955,6,0.003444
2,1956,6,0.002743
2,1957,6,0.00200600000000001
2,1958,6,0.00386799999999998
2,1959,6,0.00439400000000001
2,1960,6,0.00308399999999998
2,1961,6,0.00515199999999999
2,1962,6,0.00503300000000001
2,1963,6,0.00706099999999998
2,1964,6,0.00374200000000002
2,1965,6,0.00897500000000001
2,1966,6,0.010371
2,1967,6,0.00856099999999999
2,1968,6,0.012566
2,1969,6,0.010373
2,1970,6,0.00937399999999999
2,1971,6,0.016697
2,1972,6,0.016725
2,1973,6,0.013119
2,1974,6,0.016637
2,1975,6,0.010495
2,1976,6,0.017455
2,1977,6,0.00634699999999999
2,1978,6,0.00762299999999999
2,1979,6,0.014436
2,1980,6,0.016406
2,1981,6,0.021247
2,1982,6,0.020512
2,1983,6,0.013285
2,1984,6,0.014973
2,1985,6,0.018248
2,1986,6,0.018761
2,1987,6,0.018718
2,1988,6,0.026949
2,1989,6,0.021168
2,1990,6,0.01833
2,1991,6,0.015757
2,1992,6,0.01951
2,1993,6,0.014942
2,1994,6,0.020762
2,1995,6,0.0147
2,1996,6,0.022415
2,1997,6,0.033255
2,1998,6,0.042638
2,1999,6,0.04782
2,2000,6,0.053926
2,2001,6,0.064652
2,2002,6,0.071907
2,2003,6,0.073676
2,2004,6,0.082981
2,2005,6,0.068906
2,2006,6,0.085766
2,2007,6,0.09044
2,2008,6,0.075821
2,2009,6,0.06312
2,2010,6,0.05441
2,2011,6,0.067492
2,2012,6,0.071079
2,2013,6,0.069396
2,2014,6,0.075928
2,2015,6,0.081848
2,2016,6,0.071788
2,2017,6,0.074799
2,2018,6,0.088602
2,2019,6,0.075853
2,2020,6,0.062132
2,2021,6,0.059446
2,2022,6,0.06107
1,1952,7,9.00000000000067e-05
1,1953,7,0.000270999999999993
1,1954,7,0.001915
1,1955,7,0.00285299999999999
1,1956,7,0.00231100000000001
1,1957,7,0.00144900000000001
1,1958,7,0.00305900000000001
1,1959,7,0.003548
1,1960,7,0.002549
1,1961,7,0.00411400000000001
1,1962,7,0.00417400000000001
1,1963,7,0.00555600000000001
1,1964,7,0.003025
1,1965,7,0.007322
1,1966,7,0.00859400000000002
1,1967,7,0.007295
1,1968,7,0.010874
1,1969,7,0.00984000000000002
1,1970,7,0.00836300000000001
1,1971,7,0.016754
1,1972,7,0.016626
1,1973,7,0.011217
1,1974,7,0.014446
1,1975,7,0.00888700000000001
1,1976,7,0.014988
1,1977,7,0.005107
1,1978,7,0.00592500000000001
1,1979,7,0.011864
1,1980,7,0.013695
1,1981,7,0.018507
1,1982,7,0.0177
1,1983,7,0.011304
1,1984,7,0.012736
1,1985,7,0.014597
1,1986,7,0.015865
1,1987,7,0.0157
1,1988,7,0.021899
1,1989,7,0.017168
1,1990,7,0.014854
1,1991,7,0.013096
1,1992,7,0.016698
1,1993,7,0.011798
1,1994,7,0.016208
1,1995,7,0.011394
1,1996,7,0.017756
1,1997,7,0.027331
1,1998,7,0.034486
1,1999,7,0.038264
1,2000,7,0.042878
1,2001,7,0.051802
1,2002,7,0.056715
1,2003,7,0.060908
1,2004,7,0.066598
1,2005,7,0.056793
1,2006,7,0.071184
1,2007,7,0.077254
1,2008,7,0.060501
1,2009,7,0.047992
1,2010,7,0.042288
1,2011,7,0.050872
1,2012,7,0.054648
1,2013,7,0.05374
1,2014,7,0.057856
1,2015,7,0.063566
1,2016,7,0.055087
1,2017,7,0.055656
1,2018,7,0.066229
1,2019,7,0.058506
1,2020,7,0.050059
1,2021,7,0.047868
1,2022,7,0.047584
2,1952,7,0.000145000000000006
2,1953,7,0.000387000000000026
2,1954,7,0.00243700000000002
2,1955,7,0.00334499999999999
2,1956,7,0.002662
2,1957,7,0.00194100000000003
2,1958,7,0.003803
2,1959,7,0.00425700000000001
2,1960,7,0.003025
2,1961,7,0.004998
2,1962,7,0.00504500000000002
2,1963,7,0.006969
2,1964,7,0.00373000000000001
2,1965,7,0.00908000000000003
2,1966,7,0.010402
2,1967,7,0.00853900000000002
2,1968,7,0.012781
2,1969,7,0.010539
2,1970,7,0.00953900000000002
2,1971,7,0.017153
2,1972,7,0.017185
2,1973,7,0.013308
2,1974,7,0.016881
2,1975,7,0.010478
2,1976,7,0.017499
2,1977,7,0.006187
2,1978,7,0.00754900000000003
2,1979,7,0.014253
2,1980,7,0.016284
2,1981,7,0.021123
2,1982,7,0.020493
2,1983,7,0.013272
2,1984,7,0.014965
2,1985,7,0.018115
2,1986,7,0.018597
2,1987,7,0.018578
2,1988,7,0.026537
2,1989,7,0.02098
2,1990,7,0.018104
2,1991,7,0.01567
2,1992,7,0.019511
2,1993,7,0.014754
2,1994,7,0.020357
2,1995,7,0.014414
2,1996,7,0.022214
2,1997,7,0.033442
2,1998,7,0.042463
2,1999,7,0.047419
2,2000,7,0.053062
2,2001,7,0.063344
2,2002,7,0.070272
2,2003,7,0.072093
2,2004,7,0.080636
2,2005,7,0.067343
2,2006,7,0.083066
2,2007,7,0.087635
2,2008,7,0.072757
2,2009,7,0.06012
2,2010,7,0.052193
2,2011,7,0.064056
2,2012,7,0.067448
2,2013,7,0.065949
2,2014,7,0.072
2,2015,7,0.077706
2,2016,7,0.068523
2,2017,7,0.071252
2,2018,7,0.083971
2,2019,7,0.072794
2,2020,7,0.059317
2,2021,7,0.056883
2,2022,7,0.058412
1,1952,8,7.59999999999927e-05
1,1953,8,0.000230000000000008
1,1954,8,0.00169
1,1955,8,0.00256900000000002
1,1956,8,0.002105
1,1957,8,0.00125500000000001
1,1958,8,0.00271099999999999
1,1959,8,0.00316
1,1960,8,0.00229699999999999
1,1961,8,0.003691
1,1962,8,0.00379000000000002
1,1963,8,0.00489800000000001
1,1964,8,0.002692
1,1965,8,0.00647500000000001
1,1966,8,0.00767000000000001
1,1967,8,0.00663800000000001
1,1968,8,0.00984499999999999
1,1969,8,0.00934100000000002
1,1970,8,0.007716
1,1971,8,0.016297
1,1972,8,0.016053
1,1973,8,0.010078
1,1974,8,0.0131
1,1975,8,0.00806500000000002
1,1976,8,0.013656
1,1977,8,0.00458900000000001
1,1978,8,0.00515699999999999
1,1979,8,0.010678
1,1980,8,0.012421
1,1981,8,0.017146
1,1982,8,0.016141
1,1983,8,0.010231
1,1984,8,0.011625
1,1985,8,0.012897
1,1986,8,0.014348
1,1987,8,0.014125
1,1988,8,0.019502
1,1989,8,0.015246
1,1990,8,0.013271
1,1991,8,0.011739
1,1992,8,0.015219
1,1993,8,0.010384
1,1994,8,0.014174
1,1995,8,0.00995100000000002
1,1996,8,0.015527
1,1997,8,0.024174
1,1998,8,0.030491
1,1999,8,0.033819
1,2000,8,0.037804
1,2001,8,0.046004
1,2002,8,0.050205
1,2003,8,0.055109
1,2004,8,0.059545
1,2005,8,0.051061
1,2006,8,0.06451
1,2007,8,0.070624
1,2008,8,0.053825
1,2009,8,0.041984
1,2010,8,0.037143
1,2011,8,0.04436
1,2012,8,0.047797
1,2013,8,0.047262
1,2014,8,0.050513
1,2015,8,0.05623
1,2016,8,0.04848
1,2017,8,0.048174
1,2018,8,0.057453
1,2019,8,0.051275
1,2020,8,0.044535
1,2021,8,0.042569
1,2022,8,0.04185
2,1952,8,0.000141999999999975
2,1953,8,0.000385999999999997
2,1954,8,0.00244099999999997
2,1955,8,0.00326500000000002
2,1956,8,0.00259399999999999
2,1957,8,0.00189499999999998
2,1958,8,0.00375700000000001
2,1959,8,0.00414799999999999
2,1960,8,0.00297799999999998
2,1961,8,0.00487599999999999
2,1962,8,0.00506600000000001
2,1963,8,0.006911
2,1964,8,0.00373000000000001
2,1965,8,0.009189
2,1966,8,0.010449
2,1967,8,0.00853100000000001
2,1968,8,0.012984
2,1969,8,0.010673
2,1970,8,0.009683
2,1971,8,0.017524
2,1972,8,0.017549
2,1973,8,0.013486
2,1974,8,0.017118
2,1975,8,0.010476
2,1976,8,0.017564
2,1977,8,0.00606699999999999
2,1978,8,0.00751099999999999
2,1979,8,0.014121
2,1980,8,0.016206
2,1981,8,0.021025
2,1982,8,0.020494
2,1983,8,0.013263
2,1984,8,0.014983
2,1985,8,0.018056
2,1986,8,0.018481
2,1987,8,0.018485
2,1988,8,0.026245
2,1989,8,0.02086
2,1990,8,0.017952
2,1991,8,0.015622
2,1992,8,0.01953
2,1993,8,0.014645
2,1994,8,0.02008
2,1995,8,0.014215
2,1996,8,0.022099
2,1997,8,0.033682
2,1998,8,0.042403
2,1999,8,0.047175
2,2000,8,0.052483
2,2001,8,0.062393
2,2002,8,0.069112
2,2003,8,0.070882
2,2004,8,0.078867
2,2005,8,0.066132
2,2006,8,0.081048
2,2007,8,0.085448
2,2008,8,0.070466
2,2009,8,0.057936
2,2010,8,0.050512
2,2011,8,0.061489
2,2012,8,0.064685
2,2013,8,0.063096
2,2014,8,0.068798
2,2015,8,0.074386
2,2016,8,0.06599
2,2017,8,0.068575
2,2018,8,0.080445
2,2019,8,0.070476
2,2020,8,0.057125
2,2021,8,0.054805
2,2022,8,0.056317
1,1952,9,6.40000000000085e-05
1,1953,9,0.000196000000000002
1,1954,9,0.00148800000000002
1,1955,9,0.00231300000000001
1,1956,9,0.001918
1,1957,9,0.00109400000000001
1,1958,9,0.00240200000000002
1,1959,9,0.00281900000000002
1,1960,9,0.00206600000000001
1,1961,9,0.00332000000000002
1,1962,9,0.003441
1,1963,9,0.00431400000000001
1,1964,9,0.00239
1,1965,9,0.00567900000000002
1,1966,9,0.006799
1,1967,9,0.00601400000000002
1,1968,9,0.00883800000000001
1,1969,9,0.008795
1,1970,9,0.00706300000000001
1,1971,9,0.015683
1,1972,9,0.015334
1,1973,9,0.00895600000000002
1,1974,9,0.011775
1,1975,9,0.00728700000000002
1,1976,9,0.01238
1,1977,9,0.004133
1,1978,9,0.00447500000000001
1,1979,9,0.009603
1,1980,9,0.011254
1,1981,9,0.015854
1,1982,9,0.014639
1,1983,9,0.00920100000000001
1,1984,9,0.010569
1,1985,9,0.011352
1,1986,9,0.012917
1,1987,9,0.012643
1,1988,9,0.017315
1,1989,9,0.013506
1,1990,9,0.011846
1,1991,9,0.01048
1,1992,9,0.013803
1,1993,9,0.00910900000000001
1,1994,9,0.012358
1,1995,9,0.00867000000000001
1,1996,9,0.0135
1,1997,9,0.021188
1,1998,9,0.026807
1,1999,9,0.029804
1,2000,9,0.033282
1,2001,9,0.040884
1,2002,9,0.044478
1,2003,9,0.049883
1,2004,9,0.053354
1,2005,9,0.045904
1,2006,9,0.058537
1,2007,9,0.064694
1,2008,9,0.048093
1,2009,9,0.037035
1,2010,9,0.032803
1,2011,9,0.039018
1,2012,9,0.042151
1,2013,9,0.041858
1,2014,9,0.044278
1,2015,9,0.050002
1,2016,9,0.042905
1,2017,9,0.041939
1,2018,9,0.050202
1,2019,9,0.04509
1,2020,9,0.039749
1,2021,9,0.037989
1,2022,9,0.036908
2,1952,9,0.000141000000000002
2,1953,9,0.000385999999999997
2,1954,9,0.00245200000000001
2,1955,9,0.00319999999999998
2,1956,9,0.00253700000000001
2,1957,9,0.00186199999999997
2,1958,9,0.00372600000000001
2,1959,9,0.00406400000000001
2,1960,9,0.00294099999999997
2,1961,9,0.00478099999999998
2,1962,9,0.00509599999999999
2,1963,9,0.00688099999999997
2,1964,9,0.00373999999999997
2,1965,9,0.00930500000000001
2,1966,9,0.010509
2,1967,9,0.00853599999999999
2,1968,9,0.013183
2,1969,9,0.010787
2,1970,9,0.00981399999999999
2,1971,9,0.017822
2,1972,9,0.017852
2,1973,9,0.013654
2,1974,9,0.017342
2,1975,9,0.010496
2,1976,9,0.017635
2,1977,9,0.00597799999999998
2,1978,9,0.00750899999999999
2,1979,9,0.014037
2,1980,9,0.016165
2,1981,9,0.020961
2,1982,9,0.020504
2,1983,9,0.013275
2,1984,9,0.015007
2,1985,9,0.018056
2,1986,9,0.018408
2,1987,9,0.018435
2,1988,9,0.026056
2,1989,9,0.020813
2,1990,9,0.017855
2,1991,9,0.015609
2,1992,9,0.019572
2,1993,9,0.014589
2,1994,9,0.019906
2,1995,9,0.014091
2,1996,9,0.022052
2,1997,9,0.033948
2,1998,9,0.04246
2,1999,9,0.047082
2,2000,9,0.052123
2,2001,9,0.061732
2,2002,9,0.068307
2,2003,9,0.06998
2,2004,9,0.077503
2,2005,9,0.065219
2,2006,9,0.079506
2,2007,9,0.083835
2,2008,9,0.068753
2,2009,9,0.056347
2,2010,9,0.049288
2,2011,9,0.059571
2,2012,9,0.062639
2,2013,9,0.06093
2,2014,9,0.066146
2,2015,9,0.071591
2,2016,9,0.063987
2,2017,9,0.06653
2,2018,9,0.07776
2,2019,9,0.068722
2,2020,9,0.055406
2,2021,9,0.053189
2,2022,9,0.054662
1,1952,10,5.49999999999995e-05
1,1953,10,0.000170000000000003
1,1954,10,0.00132099999999999
1,1955,10,0.00209700000000002
1,1956,10,0.00175700000000001
1,1957,10,0.000965999999999995
1,1958,10,0.00214600000000001
1,1959,10,0.00253600000000001
1,1960,10,0.00187100000000001
1,1961,10,0.00300800000000001
1,1962,10,0.00315499999999999
1,1963,10,0.00383800000000001
1,1964,10,0.00214400000000001
1,1965,10,0.005021
1,1966,10,0.00606799999999999
1,1967,10,0.00548100000000001
1,1968,10,0.00798599999999999
1,1969,10,0.008297
1,1970,10,0.006498
1,1971,10,0.015074
1,1972,10,0.014644
1,1973,10,0.00800400000000001
1,1974,10,0.01064
1,1975,10,0.00662699999999999
1,1976,10,0.011298
1,1977,10,0.00375400000000001
1,1978,10,0.00392600000000001
1,1979,10,0.00870699999999999
1,1980,10,0.010283
1,1981,10,0.014741
1,1982,10,0.013351
1,1983,10,0.00831799999999999
1,1984,10,0.00967400000000002
1,1985,10,0.010071
1,1986,10,0.011692
1,1987,10,0.011381
1,1988,10,0.015487
1,1989,10,0.012082
1,1990,10,0.010673
1,1991,10,0.00942599999999999
1,1992,10,0.012603
1,1993,10,0.00806799999999999
1,1994,10,0.010866
1,1995,10,0.007628
1,1996,10,0.011843
1,1997,10,0.018696
1,1998,10,0.023752
1,1999,10,0.026527
1,2000,10,0.029593
1,2001,10,0.036688
1,2002,10,0.039789
1,2003,10,0.04548
1,2004,10,0.048188
1,2005,10,0.041543
1,2006,10,0.053447
1,2007,10,0.059563
1,2008,10,0.043423
1,2009,10,0.0331
1,2010,10,0.029325
1,2011,10,0.034825
1,2012,10,0.037646
1,2013,10,0.037597
1,2014,10,0.039293
1,2015,10,0.044819
1,2016,10,0.038347
1,2017,10,0.036948
1,2018,10,0.044415
1,2019,10,0.040069
1,2020,10,0.035789
1,2021,10,0.034213
1,2022,10,0.032885
2,1952,10,0.000141000000000002
2,1953,10,0.000389000000000028
2,1954,10,0.002467
2,1955,10,0.00314900000000001
2,1956,10,0.00248999999999999
2,1957,10,0.00184099999999998
2,1958,10,0.00370799999999999
2,1959,10,0.00399900000000003
2,1960,10,0.002913
2,1961,10,0.00470799999999999
2,1962,10,0.005133
2,1963,10,0.00687300000000002
2,1964,10,0.00375900000000001
2,1965,10,0.00942700000000002
2,1966,10,0.01058
2,1967,10,0.008552
2,1968,10,0.013378
2,1969,10,0.010889
2,1970,10,0.009938
2,1971,10,0.018066
2,1972,10,0.018106
2,1973,10,0.013834
2,1974,10,0.017553
2,1975,10,0.010529
2,1976,10,0.017727
2,1977,10,0.00591599999999998
2,1978,10,0.00753399999999999
2,1979,10,0.013995
2,1980,10,0.016156
2,1981,10,0.020924
2,1982,10,0.020531
2,1983,10,0.013295
2,1984,10,0.015051
2,1985,10,0.018083
2,1986,10,0.018372
2,1987,10,0.01842
2,1988,10,0.02595
2,1989,10,0.020828
2,1990,10,0.017809
2,1991,10,0.015619
2,1992,10,0.019636
2,1993,10,0.01458
2,1994,10,0.019802
2,1995,10,0.014024
2,1996,10,0.02207
2,1997,10,0.034234
2,1998,10,0.042591
2,1999,10,0.047125
2,2000,10,0.051944
2,2001,10,0.061289
2,2002,10,0.067772
2,2003,10,0.06932
2,2004,10,0.07644
2,2005,10,0.064512
2,2006,10,0.078335
2,2007,10,0.082589
2,2008,10,0.067517
2,2009,10,0.05518
2,2010,10,0.048394
2,2011,10,0.058189
2,2012,10,0.061104
2,2013,10,0.059323
2,2014,10,0.064138
2,2015,10,0.069171
2,2016,10,0.062316
2,2017,10,0.064931
2,2018,10,0.075654
2,2019,10,0.067387
2,2020,10,0.05404
2,2021,10,0.051914
2,2022,10,0.053392
1,1952,11,4.79999999999925e-05
1,1953,11,0.000149999999999983
1,1954,11,0.001192
1,1955,11,0.001919
1,1956,11,0.00162199999999998
1,1957,11,0.000866999999999979
1,1958,11,0.001944
1,1959,11,0.002308
1,1960,11,0.00171199999999999
1,1961,11,0.00275399999999998
1,1962,11,0.00293499999999999
1,1963,11,0.003468
1,1964,11,0.00195299999999998
1,1965,11,0.00451399999999999
1,1966,11,0.005493
1,1967,11,0.005053
1,1968,11,0.00731699999999999
1,1969,11,0.007878
1,1970,11,0.006048
1,1971,11,0.01454
1,1972,11,0.014052
1,1973,11,0.00725399999999998
1,1974,11,0.00974699999999998
1,1975,11,0.006101
1,1976,11,0.010437
1,1977,11,0.00344799999999998
1,1978,11,0.00350599999999998
1,1979,11,0.007994
1,1980,11,0.00951399999999999
1,1981,11,0.01383
1,1982,11,0.012312
1,1983,11,0.007609
1,1984,11,0.00895699999999999
1,1985,11,0.009073
1,1986,11,0.0107
1,1987,11,0.010366
1,1988,11,0.014036
1,1989,11,0.010982
1,1990,11,0.00975499999999999
1,1991,11,0.008599
1,1992,11,0.011651
1,1993,11,0.00727
1,1994,11,0.00970499999999999
1,1995,11,0.00681999999999999
1,1996,11,0.010571
1,1997,11,0.016778
1,1998,11,0.021374
1,1999,11,0.023996
1,2000,11,0.026744
1,2001,11,0.033401
1,2002,11,0.036118
1,2003,11,0.041915
1,2004,11,0.044026
1,2005,11,0.037963
1,2006,11,0.049137
1,2007,11,0.055247
1,2008,11,0.039667
1,2009,11,0.030064
1,2010,11,0.026608
1,2011,11,0.031601
1,2012,11,0.034177
1,2013,11,0.034285
1,2014,11,0.035482
1,2015,11,0.040729
1,2016,11,0.034678
1,2017,11,0.033025
1,2018,11,0.039865
1,2019,11,0.036116
1,2020,11,0.032592
1,2021,11,0.031186
1,2022,11,0.029703
2,1952,11,0.000141000000000002
2,1953,11,0.000392999999999977
2,1954,11,0.00248500000000001
2,1955,11,0.00310699999999997
2,1956,11,0.00245099999999998
2,1957,11,0.001828
2,1958,11,0.00369799999999998
2,1959,11,0.00394699999999998
2,1960,11,0.00289099999999998
2,1961,11,0.00465100000000002
2,1962,11,0.00517499999999999
2,1963,11,0.00687899999999997
2,1964,11,0.00378200000000001
2,1965,11,0.00955099999999998
2,1966,11,0.01066
2,1967,11,0.00857399999999997
2,1968,11,0.013566
2,1969,11,0.01098
2,1970,11,0.010058
2,1971,11,0.018275
2,1972,11,0.018322
2,1973,11,0.014014
2,1974,11,0.01777
2,1975,11,0.010571
2,1976,11,0.017828
2,1977,11,0.00587100000000002
2,1978,11,0.00756899999999999
2,1979,11,0.013983
2,1980,11,0.016179
2,1981,11,0.020911
2,1982,11,0.020571
2,1983,11,0.013325
2,1984,11,0.015097
2,1985,11,0.018143
2,1986,11,0.018355
2,1987,11,0.018431
2,1988,11,0.025903
2,1989,11,0.02089
2,1990,11,0.017803
2,1991,11,0.015652
2,1992,11,0.019705
2,1993,11,0.014604
2,1994,11,0.019753
2,1995,11,0.013993
2,1996,11,0.022137
2,1997,11,0.034557
2,1998,11,0.042771
2,1999,11,0.047251
2,2000,11,0.051911
2,2001,11,0.061015
2,2002,11,0.067427
2,2003,11,0.06884
2,2004,11,0.075627
2,2005,11,0.063955
2,2006,11,0.077302
2,2007,11,0.081626
2,2008,11,0.066585
2,2009,11,0.054345
2,2010,11,0.047734
2,2011,11,0.057184
2,2012,11,0.059997
2,2013,11,0.058103
2,2014,11,0.062646
2,2015,11,0.067296
2,2016,11,0.060878
2,2017,11,0.063609
2,2018,11,0.073941
2,2019,11,0.066341
2,2020,11,0.052935
2,2021,11,0.05089
2,2022,11,0.052401
1,1952,12,4.30000000000152e-05
1,1953,12,0.000135000000000024
1,1954,12,0.00109300000000001
1,1955,12,0.001775
1,1956,12,0.00150900000000001
1,1957,12,0.000791000000000014
1,1958,12,0.00178600000000001
1,1959,12,0.00212600000000002
1,1960,12,0.001584
1,1961,12,0.00254600000000002
1,1962,12,0.00277100000000002
1,1963,12,0.00318800000000002
1,1964,12,0.00181100000000001
1,1965,12,0.004137
1,1966,12,0.005055
1,1967,12,0.004718
1,1968,12,0.00681400000000001
1,1969,12,0.00753900000000002
1,1970,12,0.00570000000000001
1,1971,12,0.014092
1,1972,12,0.01357
1,1973,12,0.00668500000000002
1,1974,12,0.00906900000000002
1,1975,12,0.005694
1,1976,12,0.00977
1,1977,12,0.00320400000000001
1,1978,12,0.003196
1,1979,12,0.007437
1,1980,12,0.00891800000000001
1,1981,12,0.013095
1,1982,12,0.011499
1,1983,12,0.00705700000000001
1,1984,12,0.00840100000000002
1,1985,12,0.00831600000000002
1,1986,12,0.00991700000000001
1,1987,12,0.00957300000000003
1,1988,12,0.012911
1,1989,12,0.010156
1,1990,12,0.00905500000000001
1,1991,12,0.007969
1,1992,12,0.010923
1,1993,12,0.00667400000000001
1,1994,12,0.008825
1,1995,12,0.00621000000000002
1,1996,12,0.00961900000000002
1,1997,12,0.015366
1,1998,12,0.019595
1,1999,12,0.022098
1,2000,12,0.0246
1,2001,12,0.03088
1,2002,12,0.033305
1,2003,12,0.039085
1,2004,12,0.040727
1,2005,12,0.035083
1,2006,12,0.045475
1,2007,12,0.051556
1,2008,12,0.03667
1,2009,12,0.027713
1,2010,12,0.024523
1,2011,12,0.029125
1,2012,12,0.031534
1,2013,12,0.031773
1,2014,12,0.032573
1,2015,12,0.037629
1,2016,12,0.031834
1,2017,12,0.029954
1,2018,12,0.036272
1,2019,12,0.033029
1,2020,12,0.030033
1,2021,12,0.028778
1,2022,12,0.027219
2,1952,12,0.000142000000000031
2,1953,12,0.000397000000000036
2,1954,12,0.00250600000000001
2,1955,12,0.00307200000000002
2,1956,12,0.002417
2,1957,12,0.00181999999999999
2,1958,12,0.003695
2,1959,12,0.00390600000000002
2,1960,12,0.00287500000000002
2,1961,12,0.004606
2,1962,12,0.00522
2,1963,12,0.00689600000000001
2,1964,12,0.00380800000000003
2,1965,12,0.00967499999999999
2,1966,12,0.010746
2,1967,12,0.00860300000000003
2,1968,12,0.013749
2,1969,12,0.011064
2,1970,12,0.010174
2,1971,12,0.01846
2,1972,12,0.018515
2,1973,12,0.014191
2,1974,12,0.017984
2,1975,12,0.010623
2,1976,12,0.017933
2,1977,12,0.00583899999999998
2,1978,12,0.00761899999999999
2,1979,12,0.013988
2,1980,12,0.016223
2,1981,12,0.020921
2,1982,12,0.020626
2,1983,12,0.013364
2,1984,12,0.015151
2,1985,12,0.018212
2,1986,12,0.018359
2,1987,12,0.018453
2,1988,12,0.025899
2,1989,12,0.020982
2,1990,12,0.017826
2,1991,12,0.015705
2,1992,12,0.019789
2,1993,12,0.014645
2,1994,12,0.019744
2,1995,12,0.01399
2,1996,12,0.022226
2,1997,12,0.034908
2,1998,12,0.043006
2,1999,12,0.047429
2,2000,12,0.051969
2,2001,12,0.06087
2,2002,12,0.067226
2,2003,12,0.068495
2,2004,12,0.075003
2,2005,12,0.063527
2,2006,12,0.076331
2,2007,12,0.080715
2,2008,12,0.065881
2,2009,12,0.053722
2,2010,12,0.04726
2,2011,12,0.056438
2,2012,12,0.059187
2,2013,12,0.057222
2,2014,12,0.061508
2,2015,12,0.065881
2,2016,12,0.059767
2,2017,12,0.062483
2,2018,12,0.072449
2,2019,12,0.065495
2,2020,12,0.051999
2,2021,12,0.050053
2,2022,12,0.051612
1,1952,13,3.90000000000112e-05
1,1953,13,0.000124000000000013
1,1954,13,0.00101900000000002
1,1955,13,0.00165900000000002
1,1956,13,0.001416
1,1957,13,0.000733000000000011
1,1958,13,0.001665
1,1959,13,0.00198100000000001
1,1960,13,0.00148200000000001
1,1961,13,0.00237900000000002
1,1962,13,0.00264900000000001
1,1963,13,0.00297800000000001
1,1964,13,0.00170600000000001
1,1965,13,0.00386400000000001
1,1966,13,0.00472700000000001
1,1967,13,0.00446000000000002
1,1968,13,0.006443
1,1969,13,0.007269
1,1970,13,0.005437
1,1971,13,0.013722
1,1972,13,0.013183
1,1973,13,0.00626300000000002
1,1974,13,0.00856400000000002
1,1975,13,0.005383
1,1976,13,0.00926000000000002
1,1977,13,0.00301200000000001
1,1978,13,0.002971
1,1979,13,0.00700500000000001
1,1980,13,0.00845700000000002
1,1981,13,0.012504
1,1982,13,0.010867
1,1983,13,0.006633
1,1984,13,0.00797400000000001
1,1985,13,0.00774900000000001
1,1986,13,0.00930800000000001
1,1987,13,0.00895899999999999
1,1988,13,0.012048
1,1989,13,0.009544
1,1990,13,0.008525
1,1991,13,0.007496
1,1992,13,0.010373
1,1993,13,0.00623800000000002
1,1994,13,0.00816500000000001
1,1995,13,0.00575600000000001
1,1996,13,0.00891900000000001
1,1997,13,0.014339
1,1998,13,0.018291
1,1999,13,0.020702
1,2000,13,0.023004
1,2001,13,0.028963
1,2002,13,0.031167
1,2003,13,0.036851
1,2004,13,0.038124
1,2005,13,0.032785
1,2006,13,0.042422
1,2007,13,0.048349
1,2008,13,0.034219
1,2009,13,0.025884
1,2010,13,0.022907
1,2011,13,0.027236
1,2012,13,0.029506
1,2013,13,0.029874
1,2014,13,0.030393
1,2015,13,0.035255
1,2016,13,0.029693
1,2017,13,0.027606
1,2018,13,0.033401
1,2019,13,0.030596
1,2020,13,0.02797
1,2021,13,0.026862
1,2022,13,0.025276
2,1952,13,0.000143000000000004
2,1953,13,0.000402000000000013
2,1954,13,0.00252799999999997
2,1955,13,0.00304399999999999
2,1956,13,0.002388
2,1957,13,0.00181599999999998
2,1958,13,0.00369700000000001
2,1959,13,0.00387300000000002
2,1960,13,0.00286199999999998
2,1961,13,0.00457000000000002
2,1962,13,0.00526700000000002
2,1963,13,0.00692100000000001
2,1964,13,0.00383699999999998
2,1965,13,0.00979799999999997
2,1966,13,0.010832
2,1967,13,0.00863599999999998
2,1968,13,0.013928
2,1969,13,0.011141
2,1970,13,0.010284
2,1971,13,0.018625
2,1972,13,0.018691
2,1973,13,0.014369
2,1974,13,0.018189
2,1975,13,0.01068
2,1976,13,0.018048
2,1977,13,0.00581799999999999
2,1978,13,0.00767600000000002
2,1979,13,0.014009
2,1980,13,0.016273
2,1981,13,0.020947
2,1982,13,0.020698
2,1983,13,0.01341
2,1984,13,0.015209
2,1985,13,0.018292
2,1986,13,0.018372
2,1987,13,0.018489
2,1988,13,0.025914
2,1989,13,0.021094
2,1990,13,0.017869
2,1991,13,0.015773
2,1992,13,0.019885
2,1993,13,0.014704
2,1994,13,0.019758
2,1995,13,0.014007
2,1996,13,0.022334
2,1997,13,0.035249
2,1998,13,0.043279
2,1999,13,0.047659
2,2000,13,0.052083
2,2001,13,0.060811
2,2002,13,0.067134
2,2003,13,0.068248
2,2004,13,0.074525
2,2005,13,0.063195
2,2006,13,0.075483
2,2007,13,0.079797
2,2008,13,0.065245
2,2009,13,0.053256
2,2010,13,0.046906
2,2011,13,0.055905
2,2012,13,0.058581
2,2013,13,0.056573
2,2014,13,0.060687
2,2015,13,0.06478
2,2016,13,0.058931
2,2017,13,0.061618
2,2018,13,0.071109
2,2019,13,0.064764
2,2020,13,0.051171
2,2021,13,0.049335
2,2022,13,0.050973
1,1952,14,3.70000000000092e-05
1,1953,14,0.000117000000000006
1,1954,14,0.000963999999999993
1,1955,14,0.00156500000000001
1,1956,14,0.00133900000000001
1,1957,14,0.000687999999999994
1,1958,14,0.00157100000000002
1,1959,14,0.00186700000000001
1,1960,14,0.00140100000000001
1,1961,14,0.002244
1,1962,14,0.00256000000000001
1,1963,14,0.00282100000000002
1,1964,14,0.00162900000000002
1,1965,14,0.003667
1,1966,14,0.00448100000000001
1,1967,14,0.00426000000000001
1,1968,14,0.00617000000000001
1,1969,14,0.007054
1,1970,14,0.00523799999999999
1,1971,14,0.013416
1,1972,14,0.012872
1,1973,14,0.00595300000000001
1,1974,14,0.00819
1,1975,14,0.00514500000000001
1,1976,14,0.00886900000000002
1,1977,14,0.002858
1,1978,14,0.002808
1,1979,14,0.00666700000000001
1,1980,14,0.0081
1,1981,14,0.012028
1,1982,14,0.010375
1,1983,14,0.00630800000000001
1,1984,14,0.00764600000000001
1,1985,14,0.007325
1,1986,14,0.00883400000000001
1,1987,14,0.00848599999999999
1,1988,14,0.011387
1,1989,14,0.00909000000000001
1,1990,14,0.00812499999999999
1,1991,14,0.00714100000000001
1,1992,14,0.00995799999999999
1,1993,14,0.00592200000000001
1,1994,14,0.00767100000000001
1,1995,14,0.00541700000000001
1,1996,14,0.008406
1,1997,14,0.0136
1,1998,14,0.017333
1,1999,14,0.019682
1,2000,14,0.021821
1,2001,14,0.027505
1,2002,14,0.029541
1,2003,14,0.03508
1,2004,14,0.036066
1,2005,14,0.030952
1,2006,14,0.039895
1,2007,14,0.045617
1,2008,14,0.032164
1,2009,14,0.024413
1,2010,14,0.021644
1,2011,14,0.025761
1,2012,14,0.027957
1,2013,14,0.028413
1,2014,14,0.028752
1,2015,14,0.033473
1,2016,14,0.028064
1,2017,14,0.025843
1,2018,14,0.031175
1,2019,14,0.02865
1,2020,14,0.026266
1,2021,14,0.025315
1,2022,14,0.023744
2,1952,14,0.000145000000000006
2,1953,14,0.000408000000000019
2,1954,14,0.00255099999999997
2,1955,14,0.00302000000000002
2,1956,14,0.002363
2,1957,14,0.00181500000000001
2,1958,14,0.00370199999999998
2,1959,14,0.00384699999999999
2,1960,14,0.00285299999999999
2,1961,14,0.00454199999999999
2,1962,14,0.00531500000000001
2,1963,14,0.00695000000000001
2,1964,14,0.00386799999999998
2,1965,14,0.00991900000000001
2,1966,14,0.01092
2,1967,14,0.00867099999999998
2,1968,14,0.0141
2,1969,14,0.011215
2,1970,14,0.01039
2,1971,14,0.018774
2,1972,14,0.018854
2,1973,14,0.014546
2,1974,14,0.018392
2,1975,14,0.010739
2,1976,14,0.018165
2,1977,14,0.00580399999999998
2,1978,14,0.00773600000000002
2,1979,14,0.014041
2,1980,14,0.016336
2,1981,14,0.02098
2,1982,14,0.020779
2,1983,14,0.013466
2,1984,14,0.015272
2,1985,14,0.018378
2,1986,14,0.018394
2,1987,14,0.018527
2,1988,14,0.025951
2,1989,14,0.021203
2,1990,14,0.017926
2,1991,14,0.015849
2,1992,14,0.019991
2,1993,14,0.014778
2,1994,14,0.019793
2,1995,14,0.014035
2,1996,14,0.022456
2,1997,14,0.035588
2,1998,14,0.043553
2,1999,14,0.047925
2,2000,14,0.052249
2,2001,14,0.060809
2,2002,14,0.067111
2,2003,14,0.068073
2,2004,14,0.074149
2,2005,14,0.06294
2,2006,14,0.074743
2,2007,14,0.078963
2,2008,14,0.064629
2,2009,14,0.052843
2,2010,14,0.046641
2,2011,14,0.055502
2,2012,14,0.058147
2,2013,14,0.056081
2,2014,14,0.06008
2,2015,14,0.063981
2,2016,14,0.058284
2,2017,14,0.06097
2,2018,14,0.070055
2,2019,14,0.064114
2,2020,14,0.050379
2,2021,14,0.048692
2,2022,14,0.050431
1,1952,15,3.50000000000072e-05
1,1953,15,0.000112000000000001
1,1954,15,0.000924000000000008
1,1955,15,0.00148999999999999
1,1956,15,0.001276
1,1957,15,0.000653999999999988
1,1958,15,0.0015
1,1959,15,0.001776
1,1960,15,0.001337
1,1961,15,0.002135
1,1962,15,0.002498
1,1963,15,0.00270699999999999
1,1964,15,0.00157499999999999
1,1965,15,0.00353300000000001
1,1966,15,0.004303
1,1967,15,0.00411
1,1968,15,0.00597900000000001
1,1969,15,0.006886
1,1970,15,0.00509300000000001
1,1971,15,0.013172
1,1972,15,0.012629
1,1973,15,0.00573399999999999
1,1974,15,0.00792599999999999
1,1975,15,0.004969
1,1976,15,0.008579
1,1977,15,0.00273699999999999
1,1978,15,0.002695
1,1979,15,0.006409
1,1980,15,0.007827
1,1981,15,0.011646
1,1982,15,0.00999900000000001
1,1983,15,0.00606200000000001
1,1984,15,0.00739999999999999
1,1985,15,0.007019
1,1986,15,0.00847100000000001
1,1987,15,0.008129
1,1988,15,0.010889
1,1989,15,0.00876399999999999
1,1990,15,0.007829
1,1991,15,0.006881
1,1992,15,0.00965199999999999
1,1993,15,0.00570000000000001
1,1994,15,0.00730900000000001
1,1995,15,0.00517000000000001
1,1996,15,0.00804099999999999
1,1997,15,0.013095
1,1998,15,0.016656
1,1999,15,0.018959
1,2000,15,0.020969
1,2001,15,0.026417
1,2002,15,0.028329
1,2003,15,0.033695
1,2004,15,0.034446
1,2005,15,0.029502
1,2006,15,0.037815
1,2007,15,0.043318
1,2008,15,0.030473
1,2009,15,0.023209
1,2010,15,0.020636
1,2011,15,0.024613
1,2012,15,0.026755
1,2013,15,0.027313
1,2014,15,0.027511
1,2015,15,0.032149
1,2016,15,0.026859
1,2017,15,0.024527
1,2018,15,0.029516
1,2019,15,0.027154
1,2020,15,0.024841
1,2021,15,0.02404
1,2022,15,0.022528
2,1952,15,0.000147000000000008
2,1953,15,0.000412999999999997
2,1954,15,0.00257299999999999
2,1955,15,0.00299899999999997
2,1956,15,0.00234000000000001
2,1957,15,0.00181599999999998
2,1958,15,0.00370900000000002
2,1959,15,0.00382399999999999
2,1960,15,0.00284499999999999
2,1961,15,0.00451800000000002
2,1962,15,0.00535999999999998
2,1963,15,0.00698100000000001
2,1964,15,0.00389699999999998
2,1965,15,0.010034
2,1966,15,0.011005
2,1967,15,0.00870500000000002
2,1968,15,0.014259
2,1969,15,0.011282
2,1970,15,0.010489
2,1971,15,0.018908
2,1972,15,0.018999
2,1973,15,0.014716
2,1974,15,0.018588
2,1975,15,0.010797
2,1976,15,0.018277
2,1977,15,0.00579400000000002
2,1978,15,0.007799
2,1979,15,0.014075
2,1980,15,0.016401
2,1981,15,0.021018
2,1982,15,0.020857
2,1983,15,0.013526
2,1984,15,0.015341
2,1985,15,0.018467
2,1986,15,0.01842
2,1987,15,0.018567
2,1988,15,0.02599
2,1989,15,0.021316
2,1990,15,0.017979
2,1991,15,0.015927
2,1992,15,0.020097
2,1993,15,0.01486
2,1994,15,0.019842
2,1995,15,0.01407
2,1996,15,0.022572
2,1997,15,0.03592
2,1998,15,0.043826
2,1999,15,0.048184
2,2000,15,0.052445
2,2001,15,0.060848
2,2002,15,0.067128
2,2003,15,0.067945
2,2004,15,0.073839
2,2005,15,0.062734
2,2006,15,0.074105
2,2007,15,0.078207
2,2008,15,0.064079
2,2009,15,0.052445
2,2010,15,0.046403
2,2011,15,0.055192
2,2012,15,0.057809
2,2013,15,0.055724
2,2014,15,0.059615
2,2015,15,0.06338
2,2016,15,0.05781
2,2017,15,0.060465
2,2018,15,0.069248
2,2019,15,0.063601
2,2020,15,0.049605
2,2021,15,0.048064
2,2022,15,0.049945
1,1952,16,3.29999999999775e-05
1,1953,16,0.000107999999999997
1,1954,16,0.000893999999999978
1,1955,16,0.00142899999999999
1,1956,16,0.001224
1,1957,16,0.00062799999999999
1,1958,16,0.001444
1,1959,16,0.00170299999999998
1,1960,16,0.00128499999999998
1,1961,16,0.00204599999999999
1,1962,16,0.00245299999999998
1,1963,16,0.00262299999999999
1,1964,16,0.00153699999999998
1,1965,16,0.003442
1,1966,16,0.00417299999999998
1,1967,16,0.003994
1,1968,16,0.00584399999999999
1,1969,16,0.00675299999999998
1,1970,16,0.00498599999999999
1,1971,16,0.012969
1,1972,16,0.012436
1,1973,16,0.005581
1,1974,16,0.00774
1,1975,16,0.00483599999999998
1,1976,16,0.00835999999999998
1,1977,16,0.00264
1,1978,16,0.00261799999999998
1,1979,16,0.00620899999999999
1,1980,16,0.00761699999999998
1,1981,16,0.011335
1,1982,16,0.00970799999999999
1,1983,16,0.00587499999999999
1,1984,16,0.00720999999999999
1,1985,16,0.006798
1,1986,16,0.00819199999999998
1,1987,16,0.007857
1,1988,16,0.010515
1,1989,16,0.00853099999999998
1,1990,16,0.00760999999999998
1,1991,16,0.00669
1,1992,16,0.00942699999999999
1,1993,16,0.005549
1,1994,16,0.007047
1,1995,16,0.004993
1,1996,16,0.00778799999999999
1,1997,16,0.012758
1,1998,16,0.016191
1,1999,16,0.018456
1,2000,16,0.020366
1,2001,16,0.025608
1,2002,16,0.027432
1,2003,16,0.032623
1,2004,16,0.033181
1,2005,16,0.028355
1,2006,16,0.036111
1,2007,16,0.041394
1,2008,16,0.029085
1,2009,16,0.022228
1,2010,16,0.019808
1,2011,16,0.023676
1,2012,16,0.025813
1,2013,16,0.026454
1,2014,16,0.026584
1,2015,16,0.031139
1,2016,16,0.025969
1,2017,16,0.023556
1,2018,16,0.028267
1,2019,16,0.026043
1,2020,16,0.023714
1,2021,16,0.022972
1,2022,16,0.021536
2,1952,16,0.000147999999999981
2,1953,16,0.000418999999999975
2,1954,16,0.00259400000000001
2,1955,16,0.00298000000000001
2,1956,16,0.00232000000000002
2,1957,16,0.00181699999999999
2,1958,16,0.00371599999999997
2,1959,16,0.003804
2,1960,16,0.00283900000000001
2,1961,16,0.004497
2,1962,16,0.00540399999999999
2,1963,16,0.00701199999999999
2,1964,16,0.00392600000000001
2,1965,16,0.010144
2,1966,16,0.011087
2,1967,16,0.008738
2,1968,16,0.014411
2,1969,16,0.011345
2,1970,16,0.010582
2,1971,16,0.019031
2,1972,16,0.019133
2,1973,16,0.014876
2,1974,16,0.018774
2,1975,16,0.010856
2,1976,16,0.018387
2,1977,16,0.00578700000000001
2,1978,16,0.00786200000000001
2,1979,16,0.014114
2,1980,16,0.016465
2,1981,16,0.02106
2,1982,16,0.020938
2,1983,16,0.013581
2,1984,16,0.015411
2,1985,16,0.018565
2,1986,16,0.018449
2,1987,16,0.018608
2,1988,16,0.026033
2,1989,16,0.021417
2,1990,16,0.018035
2,1991,16,0.015997
2,1992,16,0.020202
2,1993,16,0.014945
2,1994,16,0.019899
2,1995,16,0.014112
2,1996,16,0.022692
2,1997,16,0.036222
2,1998,16,0.044096
2,1999,16,0.048442
2,2000,16,0.052639
2,2001,16,0.060913
2,2002,16,0.067177
2,2003,16,0.06785
2,2004,16,0.073583
2,2005,16,0.062561
2,2006,16,0.073533
2,2007,16,0.077541
2,2008,16,0.063589
2,2009,16,0.052093
2,2010,16,0.046173
2,2011,16,0.054899
2,2012,16,0.057546
2,2013,16,0.055443
2,2014,16,0.059276
2,2015,16,0.062911
2,2016,16,0.057453
2,2017,16,0.060096
2,2018,16,0.068608
2,2019,16,0.063205
2,2020,16,0.048975
2,2021,16,0.047446
2,2022,16,0.049476
1,1952,17,3.20000000000042e-05
1,1953,17,0.000105000000000022
1,1954,17,0.000872000000000012
1,1955,17,0.00137800000000002
1,1956,17,0.00118000000000001
1,1957,17,0.000607000000000024
1,1958,17,0.00140000000000001
1,1959,17,0.00164400000000001
1,1960,17,0.00124300000000002
1,1961,17,0.001974
1,1962,17,0.00242000000000001
1,1963,17,0.00255900000000001
1,1964,17,0.00150900000000001
1,1965,17,0.00337700000000002
1,1966,17,0.00407500000000002
1,1967,17,0.00390400000000002
1,1968,17,0.005745
1,1969,17,0.00664400000000001
1,1970,17,0.00490300000000002
1,1971,17,0.012797
1,1972,17,0.012276
1,1973,17,0.005469
1,1974,17,0.00760100000000002
1,1975,17,0.00473200000000001
1,1976,17,0.008189
1,1977,17,0.00256200000000001
1,1978,17,0.00256300000000001
1,1979,17,0.006049
1,1980,17,0.00744800000000001
1,1981,17,0.011076
1,1982,17,0.00947400000000001
1,1983,17,0.00572900000000001
1,1984,17,0.00706000000000001
1,1985,17,0.006633
1,1986,17,0.007968
1,1987,17,0.00764400000000001
1,1988,17,0.010224
1,1989,17,0.008357
1,1990,17,0.007442
1,1991,17,0.00654500000000002
1,1992,17,0.00925300000000001
1,1993,17,0.00544
1,1994,17,0.00684900000000002
1,1995,17,0.004859
1,1996,17,0.007602
1,1997,17,0.012523
1,1998,17,0.015849
1,1999,17,0.018089
1,2000,17,0.019913
1,2001,17,0.024981
1,2002,17,0.026733
1,2003,17,0.031757
1,2004,17,0.032168
1,2005,17,0.027429
1,2006,17,0.034693
1,2007,17,0.03978
1,2008,17,0.027935
1,2009,17,0.021416
1,2010,17,0.019118
1,2011,17,0.022871
1,2012,17,0.025019
1,2013,17,0.025758
1,2014,17,0.025846
1,2015,17,0.030366
1,2016,17,0.025279
1,2017,17,0.022818
1,2018,17,0.02732
1,2019,17,0.025182
1,2020,17,0.022852
1,2021,17,0.022114
1,2022,17,0.020694
2,1952,17,0.000150000000000011
2,1953,17,0.000424000000000008
2,1954,17,0.00261500000000001
2,1955,17,0.00296399999999999
2,1956,17,0.002302
2,1957,17,0.00182000000000002
2,1958,17,0.00372500000000001
2,1959,17,0.00378799999999999
2,1960,17,0.00283400000000003
2,1961,17,0.00448099999999998
2,1962,17,0.00544700000000001
2,1963,17,0.00704400000000002
2,1964,17,0.00395500000000001
2,1965,17,0.010249
2,1966,17,0.011167
2,1967,17,0.00877200000000003
2,1968,17,0.014555
2,1969,17,0.011404
2,1970,17,0.010669
2,1971,17,0.019145
2,1972,17,0.019259
2,1973,17,0.015029
2,1974,17,0.01895
2,1975,17,0.010914
2,1976,17,0.018496
2,1977,17,0.00578399999999998
2,1978,17,0.00792400000000001
2,1979,17,0.014156
2,1980,17,0.016533
2,1981,17,0.021103
2,1982,17,0.021019
2,1983,17,0.01364
2,1984,17,0.015478
2,1985,17,0.018667
2,1986,17,0.018484
2,1987,17,0.018651
2,1988,17,0.026081
2,1989,17,0.021516
2,1990,17,0.018088
2,1991,17,0.016067
2,1992,17,0.020296
2,1993,17,0.015032
2,1994,17,0.019963
2,1995,17,0.014159
2,1996,17,0.022818
2,1997,17,0.03652
2,1998,17,0.044348
2,1999,17,0.048702
2,2000,17,0.052839
2,2001,17,0.060991
2,2002,17,0.067252
2,2003,17,0.067783
2,2004,17,0.073374
2,2005,17,0.06242
2,2006,17,0.073005
2,2007,17,0.076935
2,2008,17,0.063165
2,2009,17,0.051784
2,2010,17,0.045971
2,2011,17,0.054606
2,2012,17,0.057288
2,2013,17,0.055222
2,2014,17,0.059008
2,2015,17,0.062571
2,2016,17,0.057178
2,2017,17,0.059821
2,2018,17,0.068141
2,2019,17,0.062896
2,2020,17,0.048484
2,2021,17,0.046943
2,2022,17,0.049019
1,1952,18,3.10000000000032e-05
1,1953,18,0.00010300000000002
1,1954,18,0.000839000000000006
1,1955,18,0.00126200000000001
1,1956,18,0.00107200000000002
1,1957,18,0.000568000000000013
1,1958,18,0.00131600000000001
1,1959,18,0.00151100000000001
1,1960,18,0.00115100000000001
1,1961,18,0.001807
1,1962,18,0.00237600000000002
1,1963,18,0.00246000000000002
1,1964,18,0.00147600000000001
1,1965,18,0.00332300000000002
1,1966,18,0.00392500000000001
1,1967,18,0.003723
1,1968,18,0.005609
1,1969,18,0.00636700000000001
1,1970,18,0.00475100000000001
1,1971,18,0.012298
1,1972,18,0.011859
1,1973,18,0.005331
1,1974,18,0.007414
1,1975,18,0.00452900000000001
1,1976,18,0.007856
1,1977,18,0.00238000000000002
1,1978,18,0.00250500000000001
1,1979,18,0.005716
1,1980,18,0.00708700000000001
1,1981,18,0.010425
1,1982,18,0.00898500000000002
1,1983,18,0.00544800000000001
1,1984,18,0.006742
1,1985,18,0.00639000000000001
1,1986,18,0.00751000000000002
1,1987,18,0.00724
1,1988,18,0.009686
1,1989,18,0.008128
1,1990,18,0.00717500000000001
1,1991,18,0.00631100000000001
1,1992,18,0.00894700000000001
1,1993,18,0.00531900000000002
1,1994,18,0.00653500000000001
1,1995,18,0.00464900000000001
1,1996,18,0.00737700000000002
1,1997,18,0.012394
1,1998,18,0.015491
1,1999,18,0.017666
1,2000,18,0.019269
1,2001,18,0.023826
1,2002,18,0.025452
1,2003,18,0.02979
1,2004,18,0.029875
1,2005,18,0.025404
1,2006,18,0.031352
1,2007,18,0.035842
1,2008,18,0.02541
1,2009,18,0.019519
1,2010,18,0.017539
1,2011,18,0.020891
1,2012,18,0.02294
1,2013,18,0.023697
1,2014,18,0.023771
1,2015,18,0.028173
1,2016,18,0.023698
1,2017,18,0.021214
1,2018,18,0.025314
1,2019,18,0.023574
1,2020,18,0.021101
1,2021,18,0.02047
1,2022,18,0.01908
2,1952,18,0.00015699999999999
2,1953,18,0.000444
2,1954,18,0.002692
2,1955,18,0.002916
2,1956,18,0.002246
2,1957,18,0.00183399999999997
2,1958,18,0.00376200000000002
2,1959,18,0.00374100000000002
2,1960,18,0.00282299999999999
2,1961,18,0.00443499999999999
2,1962,18,0.00560099999999999
2,1963,18,0.00716599999999998
2,1964,18,0.00405799999999998
2,1965,18,0.010622
2,1966,18,0.011455
2,1967,18,0.00889900000000002
2,1968,18,0.015061
2,1969,18,0.01161
2,1970,18,0.010975
2,1971,18,0.019526
2,1972,18,0.019678
2,1973,18,0.015568
2,1974,18,0.019568
2,1975,18,0.011125
2,1976,18,0.01889
2,1977,18,0.00578500000000001
2,1978,18,0.008157
2,1979,18,0.014328
2,1980,18,0.016796
2,1981,18,0.021289
2,1982,18,0.021332
2,1983,18,0.013867
2,1984,18,0.015743
2,1985,18,0.019052
2,1986,18,0.01864
2,1987,18,0.018845
2,1988,18,0.02631
2,1989,18,0.021898
2,1990,18,0.018297
2,1991,18,0.016307
2,1992,18,0.02062
2,1993,18,0.015318
2,1994,18,0.020206
2,1995,18,0.014348
2,1996,18,0.023304
2,1997,18,0.03765
2,1998,18,0.04534
2,1999,18,0.049669
2,2000,18,0.053636
2,2001,18,0.061392
2,2002,18,0.067635
2,2003,18,0.067697
2,2004,18,0.072831
2,2005,18,0.062082
2,2006,18,0.071439
2,2007,18,0.075078
2,2008,18,0.062034
2,2009,18,0.05096
2,2010,18,0.045448
2,2011,18,0.053783
2,2012,18,0.056426
2,2013,18,0.054324
2,2014,18,0.058022
2,2015,18,0.061466
2,2016,18,0.05652
2,2017,18,0.059179
2,2018,18,0.067106
2,2019,18,0.062347
2,2020,18,0.047489
2,2021,18,0.045965
2,2022,18,0.048148
