Fleet,Length,Sel
1,30.5,0.0107753
2,30.5,1.95703e-05
3,30.5,0.00221189
4,30.5,2.1519e-05
5,30.5,1.95703e-05
6,30.5,0.00221189
7,30.5,1.95703e-05
8,30.5,0.0107753
9,30.5,1.95703e-05
10,30.5,0.0107753
11,30.5,1.44253e-05
12,30.5,0.000132822
13,30.5,6.00956e-07
14,30.5,0.000132822
15,30.5,0.0107753
16,30.5,1.44253e-05
17,30.5,0.000132822
18,30.5,0.0107753
19,30.5,1.44253e-05
20,30.5,1.95703e-05
21,30.5,6.00956e-07
1,31.5,0.0116535
2,31.5,2.47648e-05
3,31.5,0.0023478
4,31.5,2.63617e-05
5,31.5,2.47648e-05
6,31.5,0.0023478
7,31.5,2.47648e-05
8,31.5,0.0116535
9,31.5,2.47648e-05
10,31.5,0.0116535
11,31.5,1.70542e-05
12,31.5,0.000139028
13,31.5,8.09193e-07
14,31.5,0.000139028
15,31.5,0.0116535
16,31.5,1.70542e-05
17,31.5,0.000139028
18,31.5,0.0116535
19,31.5,1.70542e-05
20,31.5,2.47648e-05
21,31.5,8.09193e-07
1,32.5,0.0125947
2,32.5,3.12573e-05
3,32.5,0.00249205
4,32.5,3.2232e-05
5,32.5,3.12573e-05
6,32.5,0.00249205
7,32.5,3.12573e-05
8,32.5,0.0125947
9,32.5,3.12573e-05
10,32.5,0.0125947
11,32.5,2.01366e-05
12,32.5,0.000145525
13,32.5,1.08648e-06
14,32.5,0.000145525
15,32.5,0.0125947
16,32.5,2.01366e-05
17,32.5,0.000145525
18,32.5,0.0125947
19,32.5,2.01366e-05
20,32.5,3.12573e-05
21,32.5,1.08648e-06
1,33.5,0.0136027
2,33.5,3.93503e-05
3,33.5,0.00264513
4,33.5,3.93333e-05
5,33.5,3.93503e-05
6,33.5,0.00264513
7,33.5,3.93503e-05
8,33.5,0.0136027
9,33.5,3.93503e-05
10,33.5,0.0136027
11,33.5,2.37462e-05
12,33.5,0.000152324
13,33.5,1.4545e-06
14,33.5,0.000152324
15,33.5,0.0136027
16,33.5,2.37462e-05
17,33.5,0.000152324
18,33.5,0.0136027
19,33.5,2.37462e-05
20,33.5,3.93503e-05
21,33.5,1.4545e-06
1,34.5,0.0146813
2,34.5,4.94111e-05
3,34.5,0.00280759
4,34.5,4.79066e-05
5,34.5,4.94111e-05
6,34.5,0.00280759
7,34.5,4.94111e-05
8,34.5,0.0146813
9,34.5,4.94111e-05
10,34.5,0.0146813
11,34.5,2.79674e-05
12,34.5,0.000159442
13,34.5,1.94136e-06
14,34.5,0.000159442
15,34.5,0.0146813
16,34.5,2.79674e-05
17,34.5,0.000159442
18,34.5,0.0146813
19,34.5,2.79674e-05
20,34.5,4.94111e-05
21,34.5,1.94136e-06
1,35.5,0.0158345
2,35.5,6.18842e-05
3,35.5,0.00297999
4,35.5,5.82358e-05
5,35.5,6.18842e-05
6,35.5,0.00297999
7,35.5,6.18842e-05
8,35.5,0.0158345
9,35.5,6.18842e-05
10,35.5,0.0158345
11,35.5,3.28974e-05
12,35.5,0.000166891
13,35.5,2.58335e-06
14,35.5,0.000166891
15,35.5,0.0158345
16,35.5,3.28974e-05
17,35.5,0.000166891
18,35.5,0.0158345
19,35.5,3.28974e-05
20,35.5,6.18842e-05
21,35.5,2.58335e-06
1,36.5,0.0170667
2,36.5,7.73059e-05
3,36.5,0.00316296
4,36.5,7.06553e-05
5,36.5,7.73059e-05
6,36.5,0.00316296
7,36.5,7.73059e-05
8,36.5,0.0170667
9,36.5,7.73059e-05
10,36.5,0.0170667
11,36.5,3.86475e-05
12,36.5,0.000174689
13,36.5,3.42713e-06
14,36.5,0.000174689
15,36.5,0.0170667
16,36.5,3.86475e-05
17,36.5,0.000174689
18,36.5,0.0170667
19,36.5,3.86475e-05
20,36.5,7.73059e-05
21,36.5,3.42713e-06
1,37.5,0.0183823
2,37.5,9.63218e-05
3,37.5,0.00335711
4,37.5,8.55578e-05
5,37.5,9.63218e-05
6,37.5,0.00335711
7,37.5,9.63218e-05
8,37.5,0.0183823
9,37.5,9.63218e-05
10,37.5,0.0183823
11,37.5,4.53452e-05
12,37.5,0.000182851
13,37.5,4.53252e-06
14,37.5,0.000182851
15,37.5,0.0183823
16,37.5,4.53452e-05
17,37.5,0.000182851
18,37.5,0.0183823
19,37.5,4.53452e-05
20,37.5,9.63218e-05
21,37.5,4.53252e-06
1,38.5,0.0197856
2,38.5,0.000119706
3,38.5,0.00356314
4,38.5,0.000103403
5,38.5,0.000119706
6,38.5,0.00356314
7,38.5,0.000119706
8,38.5,0.0197856
9,38.5,0.000119706
10,38.5,0.0197856
11,38.5,5.31364e-05
12,38.5,0.000191395
13,38.5,5.97589e-06
14,38.5,0.000191395
15,38.5,0.0197856
16,38.5,5.31364e-05
17,38.5,0.000191395
18,38.5,0.0197856
19,38.5,5.31364e-05
20,38.5,0.000119706
21,38.5,5.97589e-06
1,39.5,0.0212816
2,39.5,0.000148382
3,39.5,0.00378177
4,39.5,0.000124729
5,39.5,0.000148382
6,39.5,0.00378177
7,39.5,0.000148382
8,39.5,0.0212816
9,39.5,0.000148382
10,39.5,0.0212816
11,39.5,6.21875e-05
12,39.5,0.000200337
13,39.5,7.85443e-06
14,39.5,0.000200337
15,39.5,0.0212816
16,39.5,6.21875e-05
17,39.5,0.000200337
18,39.5,0.0212816
19,39.5,6.21875e-05
20,39.5,0.000148382
21,39.5,7.85443e-06
1,40.5,0.0228751
2,40.5,0.000183454
3,40.5,0.00401376
4,40.5,0.000150163
5,40.5,0.000183454
6,40.5,0.00401376
7,40.5,0.000183454
8,40.5,0.0228751
9,40.5,0.000183454
10,40.5,0.0228751
11,40.5,7.26882e-05
12,40.5,0.000209698
13,40.5,1.02913e-05
14,40.5,0.000209698
15,40.5,0.0228751
16,40.5,7.26882e-05
17,40.5,0.000209698
18,40.5,0.0228751
19,40.5,7.26882e-05
20,40.5,0.000183454
21,40.5,1.02913e-05
1,41.5,0.024571
2,41.5,0.000226231
3,41.5,0.00425992
4,41.5,0.000180433
5,41.5,0.000226231
6,41.5,0.00425992
7,41.5,0.000226231
8,41.5,0.024571
9,41.5,0.000226231
10,41.5,0.024571
11,41.5,8.48546e-05
12,41.5,0.000219495
13,41.5,1.34423e-05
14,41.5,0.000219495
15,41.5,0.024571
16,41.5,8.48546e-05
17,41.5,0.000219495
18,41.5,0.024571
19,41.5,8.48546e-05
20,41.5,0.000226231
21,41.5,1.34423e-05
1,42.5,0.0263747
2,42.5,0.000278261
3,42.5,0.0045211
4,42.5,0.000216386
5,42.5,0.000278261
6,42.5,0.0045211
7,42.5,0.000278261
8,42.5,0.0263747
9,42.5,0.000278261
10,42.5,0.0263747
11,42.5,9.89319e-05
12,42.5,0.00022975
13,42.5,1.7503e-05
14,42.5,0.00022975
15,42.5,0.0263747
16,42.5,9.89319e-05
17,42.5,0.00022975
18,42.5,0.0263747
19,42.5,9.89319e-05
20,42.5,0.000278261
21,42.5,1.7503e-05
1,43.5,0.0282914
2,43.5,0.000341375
3,43.5,0.00479823
4,43.5,0.000259002
5,43.5,0.000341375
6,43.5,0.00479823
7,43.5,0.000341375
8,43.5,0.0282914
9,43.5,0.000341375
10,43.5,0.0282914
11,43.5,0.000115199
12,43.5,0.000240484
13,43.5,2.27192e-05
14,43.5,0.000240484
15,43.5,0.0282914
16,43.5,0.000115199
17,43.5,0.000240484
18,43.5,0.0282914
19,43.5,0.000115199
20,43.5,0.000341375
21,43.5,2.27192e-05
1,44.5,0.0303266
2,44.5,0.000417723
3,44.5,0.00509225
4,44.5,0.000309411
5,44.5,0.000417723
6,44.5,0.00509225
7,44.5,0.000417723
8,44.5,0.0303266
9,44.5,0.000417723
10,44.5,0.0303266
11,44.5,0.00013397
12,44.5,0.00025172
13,44.5,2.93975e-05
14,44.5,0.00025172
15,44.5,0.0303266
16,44.5,0.00013397
17,44.5,0.00025172
18,44.5,0.0303266
19,44.5,0.00013397
20,44.5,0.000417723
21,44.5,2.93975e-05
1,45.5,0.0324861
2,45.5,0.000509827
3,45.5,0.00540419
4,45.5,0.000368916
5,45.5,0.000509827
6,45.5,0.00540419
7,45.5,0.000509827
8,45.5,0.0324861
9,45.5,0.000509827
10,45.5,0.0324861
11,45.5,0.000155604
12,45.5,0.00026348
13,45.5,3.79198e-05
14,45.5,0.00026348
15,45.5,0.0324861
16,45.5,0.000155604
17,45.5,0.00026348
18,45.5,0.0324861
19,45.5,0.000155604
20,45.5,0.000509827
21,45.5,3.79198e-05
1,46.5,0.0347756
2,46.5,0.000620634
3,46.5,0.00573513
4,46.5,0.000439014
5,46.5,0.000620634
6,46.5,0.00573513
7,46.5,0.000620634
8,46.5,0.0347756
9,46.5,0.000620634
10,46.5,0.0347756
11,46.5,0.000180501
12,46.5,0.00027579
13,46.5,4.87593e-05
14,46.5,0.00027579
15,46.5,0.0347756
16,46.5,0.000180501
17,46.5,0.00027579
18,46.5,0.0347756
19,46.5,0.000180501
20,46.5,0.000620634
21,46.5,4.87593e-05
1,47.5,0.037201
2,47.5,0.000753573
3,47.5,0.00608622
4,47.5,0.000521422
5,47.5,0.000753573
6,47.5,0.00608622
7,47.5,0.000753573
8,47.5,0.037201
9,47.5,0.000753573
10,47.5,0.037201
11,47.5,0.000209118
12,47.5,0.000288674
13,47.5,6.25007e-05
14,47.5,0.000288674
15,47.5,0.037201
16,47.5,0.000209118
17,47.5,0.000288674
18,47.5,0.037201
19,47.5,0.000209118
20,47.5,0.000753573
21,47.5,6.25007e-05
1,48.5,0.0397683
2,48.5,0.000912625
3,48.5,0.00645865
4,48.5,0.000618101
5,48.5,0.000912625
6,48.5,0.00645865
7,48.5,0.000912625
8,48.5,0.0397683
9,48.5,0.000912625
10,48.5,0.0397683
11,48.5,0.000241964
12,48.5,0.000302161
13,48.5,7.98635e-05
14,48.5,0.000302161
15,48.5,0.0397683
16,48.5,0.000241964
17,48.5,0.000302161
18,48.5,0.0397683
19,48.5,0.000241964
20,48.5,0.000912625
21,48.5,7.98635e-05
1,49.5,0.0424838
2,49.5,0.0011024
3,49.5,0.00685372
4,49.5,0.00073129
5,49.5,0.0011024
6,49.5,0.00685372
7,49.5,0.0011024
8,49.5,0.0424838
9,49.5,0.0011024
10,49.5,0.0424838
11,49.5,0.000279616
12,49.5,0.000316277
13,49.5,0.00010173
14,49.5,0.000316277
15,49.5,0.0424838
16,49.5,0.000279616
17,49.5,0.000316277
18,49.5,0.0424838
19,49.5,0.000279616
20,49.5,0.0011024
21,49.5,0.00010173
1,50.5,0.0453537
2,50.5,0.00132819
3,50.5,0.00727278
4,50.5,0.000863533
5,50.5,0.00132819
6,50.5,0.00727278
7,50.5,0.00132819
8,50.5,0.0453537
9,50.5,0.00132819
10,50.5,0.0453537
11,50.5,0.000322717
12,50.5,0.000331052
13,50.5,0.000129176
14,50.5,0.000331052
15,50.5,0.0453537
16,50.5,0.000322717
17,50.5,0.000331052
18,50.5,0.0453537
19,50.5,0.000322717
20,50.5,0.00132819
21,50.5,0.000129176
1,51.5,0.0483843
2,51.5,0.0015961
3,51.5,0.00771726
4,51.5,0.00101772
5,51.5,0.0015961
6,51.5,0.00771726
7,51.5,0.0015961
8,51.5,0.0483843
9,51.5,0.0015961
10,51.5,0.0483843
11,51.5,0.000371991
12,51.5,0.000346518
13,51.5,0.000163512
14,51.5,0.000346518
15,51.5,0.0483843
16,51.5,0.000371991
17,51.5,0.000346518
18,51.5,0.0483843
19,51.5,0.000371991
20,51.5,0.0015961
21,51.5,0.000163512
1,52.5,0.0515823
2,52.5,0.0019131
3,52.5,0.00818868
4,52.5,0.00119711
5,52.5,0.0019131
6,52.5,0.00818868
7,52.5,0.0019131
8,52.5,0.0515823
9,52.5,0.0019131
10,52.5,0.0515823
11,52.5,0.000428245
12,52.5,0.000362705
13,52.5,0.000206326
14,52.5,0.000362705
15,52.5,0.0515823
16,52.5,0.000428245
17,52.5,0.000362705
18,52.5,0.0515823
19,52.5,0.000428245
20,52.5,0.0019131
21,52.5,0.000206326
1,53.5,0.054954
2,53.5,0.00228714
3,53.5,0.00868865
4,53.5,0.00140541
5,53.5,0.00228714
6,53.5,0.00868865
7,53.5,0.00228714
8,53.5,0.054954
9,53.5,0.00228714
10,53.5,0.054954
11,53.5,0.000492381
12,53.5,0.000379649
13,53.5,0.000259534
14,53.5,0.000379649
15,53.5,0.054954
16,53.5,0.000492381
17,53.5,0.000379649
18,53.5,0.054954
19,53.5,0.000492381
20,53.5,0.00228714
21,53.5,0.000259534
1,54.5,0.0585061
2,54.5,0.00272726
3,54.5,0.00921886
4,54.5,0.00164676
5,54.5,0.00272726
6,54.5,0.00921886
7,54.5,0.00272726
8,54.5,0.0585061
9,54.5,0.00272726
10,54.5,0.0585061
11,54.5,0.000565406
12,54.5,0.000397384
13,54.5,0.000325437
14,54.5,0.000397384
15,54.5,0.0585061
16,54.5,0.000565406
17,54.5,0.000397384
18,54.5,0.0585061
19,54.5,0.000565406
20,54.5,0.00272726
21,54.5,0.000325437
1,55.5,0.0622452
2,55.5,0.00324367
3,55.5,0.00978111
4,55.5,0.00192582
5,55.5,0.00324367
6,55.5,0.00978111
7,55.5,0.00324367
8,55.5,0.0622452
9,55.5,0.00324367
10,55.5,0.0622452
11,55.5,0.00064844
12,55.5,0.000415947
13,55.5,0.000406795
14,55.5,0.000415947
15,55.5,0.0622452
16,55.5,0.00064844
17,55.5,0.000415947
18,55.5,0.0622452
19,55.5,0.00064844
20,55.5,0.00324367
21,55.5,0.000406795
1,56.5,0.0661781
2,56.5,0.00384791
3,56.5,0.0103773
4,56.5,0.00224782
5,56.5,0.00384791
6,56.5,0.0103773
7,56.5,0.00384791
8,56.5,0.0661781
9,56.5,0.00384791
10,56.5,0.0661781
11,56.5,0.000742726
12,56.5,0.000435376
13,56.5,0.000506896
14,56.5,0.000435376
15,56.5,0.0661781
16,56.5,0.000742726
17,56.5,0.000435376
18,56.5,0.0661781
19,56.5,0.000742726
20,56.5,0.00384791
21,56.5,0.000506896
1,57.5,0.0703114
2,57.5,0.00455292
3,57.5,0.0110094
4,57.5,0.00261859
5,57.5,0.00455292
6,57.5,0.0110094
7,57.5,0.00455292
8,57.5,0.0703114
9,57.5,0.00455292
10,57.5,0.0703114
11,57.5,0.000849645
12,57.5,0.000455713
13,57.5,0.000629646
14,57.5,0.000455713
15,57.5,0.0703114
16,57.5,0.000849645
17,57.5,0.000455713
18,57.5,0.0703114
19,57.5,0.000849645
20,57.5,0.00455292
21,57.5,0.000629646
1,58.5,0.0746518
2,58.5,0.0053732
3,58.5,0.0116796
4,58.5,0.00304461
5,58.5,0.0053732
6,58.5,0.0116796
7,58.5,0.0053732
8,58.5,0.0746518
9,58.5,0.0053732
10,58.5,0.0746518
11,58.5,0.000970724
12,58.5,0.000476999
13,58.5,0.000779667
14,58.5,0.000476999
15,58.5,0.0746518
16,58.5,0.000970724
17,58.5,0.000476999
18,58.5,0.0746518
19,58.5,0.000970724
20,58.5,0.0053732
21,58.5,0.000779667
1,59.5,0.0792059
2,59.5,0.0063249
3,59.5,0.01239
4,59.5,0.0035331
5,59.5,0.0063249
6,59.5,0.01239
7,59.5,0.0063249
8,59.5,0.0792059
9,59.5,0.0063249
10,59.5,0.0792059
11,59.5,0.00110765
12,59.5,0.00049928
13,59.5,0.000962401
14,59.5,0.00049928
15,59.5,0.0792059
16,59.5,0.00110765
17,59.5,0.00049928
18,59.5,0.0792059
19,59.5,0.00110765
20,59.5,0.0063249
21,59.5,0.000962401
1,60.5,0.0839805
2,60.5,0.00742595
3,60.5,0.0131431
4,60.5,0.00409203
5,60.5,0.00742595
6,60.5,0.0131431
7,60.5,0.00742595
8,60.5,0.0839805
9,60.5,0.00742595
10,60.5,0.0839805
11,60.5,0.0012623
12,60.5,0.0005226
13,60.5,0.00118423
14,60.5,0.0005226
15,60.5,0.0839805
16,60.5,0.0012623
17,60.5,0.0005226
18,60.5,0.0839805
19,60.5,0.0012623
20,60.5,0.00742595
21,60.5,0.00118423
1,61.5,0.0889821
2,61.5,0.00869617
3,61.5,0.0139413
4,61.5,0.00473022
5,61.5,0.00869617
6,61.5,0.0139413
7,61.5,0.00869617
8,61.5,0.0889821
9,61.5,0.00869617
10,61.5,0.0889821
11,61.5,0.00143671
12,61.5,0.000547009
13,61.5,0.00145263
14,61.5,0.000547009
15,61.5,0.0889821
16,61.5,0.00143671
17,61.5,0.000547009
18,61.5,0.0889821
19,61.5,0.00143671
20,61.5,0.00869617
21,61.5,0.00145263
1,62.5,0.0942171
2,62.5,0.0101574
3,62.5,0.0147873
4,62.5,0.00545737
5,62.5,0.0101574
6,62.5,0.0147873
7,62.5,0.0101574
8,62.5,0.0942171
9,62.5,0.0101574
10,62.5,0.0942171
11,62.5,0.00163315
12,62.5,0.000572557
13,62.5,0.00177625
14,62.5,0.000572557
15,62.5,0.0942171
16,62.5,0.00163315
17,62.5,0.000572557
18,62.5,0.0942171
19,62.5,0.00163315
20,62.5,0.0101574
21,62.5,0.00177625
1,63.5,0.0996919
2,63.5,0.0118335
3,63.5,0.0156837
4,63.5,0.00628413
5,63.5,0.0118335
6,63.5,0.0156837
7,63.5,0.0118335
8,63.5,0.0996919
9,63.5,0.0118335
10,63.5,0.0996919
11,63.5,0.0018541
12,63.5,0.000599298
13,63.5,0.00216516
14,63.5,0.000599298
15,63.5,0.0996919
16,63.5,0.0018541
17,63.5,0.000599298
18,63.5,0.0996919
19,63.5,0.0018541
20,63.5,0.0118335
21,63.5,0.00216516
1,64.5,0.105413
2,64.5,0.0137506
3,64.5,0.0166336
4,64.5,0.00722214
5,64.5,0.0137506
6,64.5,0.0166336
7,64.5,0.0137506
8,64.5,0.105413
9,64.5,0.0137506
10,64.5,0.105413
11,64.5,0.00210228
12,64.5,0.000627287
13,64.5,0.00263094
14,64.5,0.000627287
15,64.5,0.105413
16,64.5,0.00210228
17,64.5,0.000627287
18,64.5,0.105413
19,64.5,0.00210228
20,64.5,0.0137506
21,64.5,0.00263094
1,65.5,0.111386
2,65.5,0.015937
3,65.5,0.0176401
4,65.5,0.00828411
5,65.5,0.015937
6,65.5,0.0176401
7,65.5,0.015937
8,65.5,0.111386
9,65.5,0.015937
10,65.5,0.111386
11,65.5,0.00238066
12,65.5,0.000656582
13,65.5,0.00318687
14,65.5,0.000656582
15,65.5,0.111386
16,65.5,0.00238066
17,65.5,0.000656582
18,65.5,0.111386
19,65.5,0.00238066
20,65.5,0.015937
21,65.5,0.00318687
1,66.5,0.117617
2,66.5,0.0184234
3,66.5,0.0187062
4,66.5,0.00948387
5,66.5,0.0184234
6,66.5,0.0187062
7,66.5,0.0184234
8,66.5,0.117617
9,66.5,0.0184234
10,66.5,0.117617
11,66.5,0.00269248
12,66.5,0.000687244
13,66.5,0.00384817
14,66.5,0.000687244
15,66.5,0.117617
16,66.5,0.00269248
17,66.5,0.000687244
18,66.5,0.117617
19,66.5,0.00269248
20,66.5,0.0184234
21,66.5,0.00384817
1,67.5,0.124112
2,67.5,0.0212428
3,67.5,0.0198355
4,67.5,0.0108364
5,67.5,0.0212428
6,67.5,0.0198355
7,67.5,0.0212428
8,67.5,0.124112
9,67.5,0.0212428
10,67.5,0.124112
11,67.5,0.0030413
12,67.5,0.000719338
13,67.5,0.00463209
14,67.5,0.000719338
15,67.5,0.124112
16,67.5,0.0030413
17,67.5,0.000719338
18,67.5,0.124112
19,67.5,0.0030413
20,67.5,0.0212428
21,67.5,0.00463209
1,68.5,0.130876
2,68.5,0.0244304
3,68.5,0.0210315
4,68.5,0.0123579
5,68.5,0.0244304
6,68.5,0.0210315
7,68.5,0.0244304
8,68.5,0.130876
9,68.5,0.0244304
10,68.5,0.130876
11,68.5,0.00343095
12,68.5,0.000752929
13,68.5,0.00555822
14,68.5,0.000752929
15,68.5,0.130876
16,68.5,0.00343095
17,68.5,0.000752929
18,68.5,0.130876
19,68.5,0.00343095
20,68.5,0.0244304
21,68.5,0.00555822
1,69.5,0.137914
2,69.5,0.0280237
3,69.5,0.0222979
4,69.5,0.0140657
5,69.5,0.0280237
6,69.5,0.0222979
7,69.5,0.0280237
8,69.5,0.137914
9,69.5,0.0280237
10,69.5,0.137914
11,69.5,0.00386563
12,69.5,0.000788087
13,69.5,0.00664857
14,69.5,0.000788087
15,69.5,0.137914
16,69.5,0.00386563
17,69.5,0.000788087
18,69.5,0.137914
19,69.5,0.00386563
20,69.5,0.0280237
21,69.5,0.00664857
1,70.5,0.145231
2,70.5,0.0320627
3,70.5,0.0236388
4,70.5,0.0159786
5,70.5,0.0320627
6,70.5,0.0236388
7,70.5,0.0320627
8,70.5,0.145231
9,70.5,0.0320627
10,70.5,0.145231
11,70.5,0.00434986
12,70.5,0.000824886
13,70.5,0.00792785
14,70.5,0.000824886
15,70.5,0.145231
16,70.5,0.00434986
17,70.5,0.000824886
18,70.5,0.145231
19,70.5,0.00434986
20,70.5,0.0320627
21,70.5,0.00792785
1,71.5,0.152833
2,71.5,0.0365891
3,71.5,0.0250583
4,71.5,0.0181165
5,71.5,0.0365891
6,71.5,0.0250583
7,71.5,0.0365891
8,71.5,0.152833
9,71.5,0.0365891
10,71.5,0.152833
11,71.5,0.00488855
12,71.5,0.000863401
13,71.5,0.00942361
14,71.5,0.000863401
15,71.5,0.152833
16,71.5,0.00488855
17,71.5,0.000863401
18,71.5,0.152833
19,71.5,0.00488855
20,71.5,0.0365891
21,71.5,0.00942361
1,72.5,0.160722
2,72.5,0.0416467
3,72.5,0.0265607
4,72.5,0.0205008
5,72.5,0.0416467
6,72.5,0.0265607
7,72.5,0.0416467
8,72.5,0.160722
9,72.5,0.0416467
10,72.5,0.160722
11,72.5,0.005487
12,72.5,0.000903713
13,72.5,0.0111664
14,72.5,0.000903713
15,72.5,0.160722
16,72.5,0.005487
17,72.5,0.000903713
18,72.5,0.160722
19,72.5,0.005487
20,72.5,0.0416467
21,72.5,0.0111664
1,73.5,0.168903
2,73.5,0.047281
3,73.5,0.0281505
4,73.5,0.023154
5,73.5,0.047281
6,73.5,0.0281505
7,73.5,0.047281
8,73.5,0.168903
9,73.5,0.047281
10,73.5,0.168903
11,73.5,0.00615091
12,73.5,0.000945906
13,73.5,0.01319
14,73.5,0.000945906
15,73.5,0.168903
16,73.5,0.00615091
17,73.5,0.000945906
18,73.5,0.168903
19,73.5,0.00615091
20,73.5,0.047281
21,73.5,0.01319
1,74.5,0.177379
2,74.5,0.0535391
3,74.5,0.0298326
4,74.5,0.0261
5,74.5,0.0535391
6,74.5,0.0298326
7,74.5,0.0535391
8,74.5,0.177379
9,74.5,0.0535391
10,74.5,0.177379
11,74.5,0.00688642
12,74.5,0.000990066
13,74.5,0.0155314
14,74.5,0.000990066
15,74.5,0.177379
16,74.5,0.00688642
17,74.5,0.000990066
18,74.5,0.177379
19,74.5,0.00688642
20,74.5,0.0535391
21,74.5,0.0155314
1,75.5,0.186153
2,75.5,0.0604689
3,75.5,0.031612
4,75.5,0.029364
5,75.5,0.0604689
6,75.5,0.031612
7,75.5,0.0604689
8,75.5,0.186153
9,75.5,0.0604689
10,75.5,0.186153
11,75.5,0.00770012
12,75.5,0.00103629
13,75.5,0.018231
14,75.5,0.00103629
15,75.5,0.186153
16,75.5,0.00770012
17,75.5,0.00103629
18,75.5,0.186153
19,75.5,0.00770012
20,75.5,0.0604689
21,75.5,0.018231
1,76.5,0.195228
2,76.5,0.0681195
3,76.5,0.0334938
4,76.5,0.0329722
5,76.5,0.0681195
6,76.5,0.0334938
7,76.5,0.0681195
8,76.5,0.195228
9,76.5,0.0681195
10,76.5,0.195228
11,76.5,0.00859906
12,76.5,0.00108466
13,76.5,0.0213326
14,76.5,0.00108466
15,76.5,0.195228
16,76.5,0.00859906
17,76.5,0.00108466
18,76.5,0.195228
19,76.5,0.00859906
20,76.5,0.0681195
21,76.5,0.0213326
1,77.5,0.204605
2,77.5,0.07654
3,77.5,0.0354835
4,77.5,0.0369523
5,77.5,0.07654
6,77.5,0.0354835
7,77.5,0.07654
8,77.5,0.204605
9,77.5,0.07654
10,77.5,0.204605
11,77.5,0.00959079
12,77.5,0.00113529
13,77.5,0.0248836
14,77.5,0.00113529
15,77.5,0.204605
16,77.5,0.00959079
17,77.5,0.00113529
18,77.5,0.204605
19,77.5,0.00959079
20,77.5,0.07654
21,77.5,0.0248836
1,78.5,0.214286
2,78.5,0.0857793
3,78.5,0.0375868
4,78.5,0.0413327
5,78.5,0.0857793
6,78.5,0.0375868
7,78.5,0.0857793
8,78.5,0.214286
9,78.5,0.0857793
10,78.5,0.214286
11,78.5,0.0106833
12,78.5,0.00118828
13,78.5,0.0289346
14,78.5,0.00118828
15,78.5,0.214286
16,78.5,0.0106833
17,78.5,0.00118828
18,78.5,0.214286
19,78.5,0.0106833
20,78.5,0.0857793
21,78.5,0.0289346
1,79.5,0.224272
2,79.5,0.0958858
3,79.5,0.0398096
4,79.5,0.0461429
5,79.5,0.0958858
6,79.5,0.0398096
7,79.5,0.0958858
8,79.5,0.224272
9,79.5,0.0958858
10,79.5,0.224272
11,79.5,0.0118853
12,79.5,0.00124375
13,79.5,0.0335394
14,79.5,0.00124375
15,79.5,0.224272
16,79.5,0.0118853
17,79.5,0.00124375
18,79.5,0.224272
19,79.5,0.0118853
20,79.5,0.0958858
21,79.5,0.0335394
1,80.5,0.234563
2,80.5,0.106906
3,80.5,0.0421582
4,80.5,0.0514134
5,80.5,0.106906
6,80.5,0.0421582
7,80.5,0.106906
8,80.5,0.234563
9,80.5,0.106906
10,80.5,0.234563
11,80.5,0.0132057
12,80.5,0.00130179
13,80.5,0.038755
14,80.5,0.00130179
15,80.5,0.234563
16,80.5,0.0132057
17,80.5,0.00130179
18,80.5,0.234563
19,80.5,0.0132057
20,80.5,0.106906
21,80.5,0.038755
1,81.5,0.245158
2,81.5,0.118886
3,81.5,0.0446388
4,81.5,0.0571751
5,81.5,0.118886
6,81.5,0.0446388
7,81.5,0.118886
8,81.5,0.245158
9,81.5,0.118886
10,81.5,0.245158
11,81.5,0.0146543
12,81.5,0.00136255
13,81.5,0.0446411
14,81.5,0.00136255
15,81.5,0.245158
16,81.5,0.0146543
17,81.5,0.00136255
18,81.5,0.245158
19,81.5,0.0146543
20,81.5,0.118886
21,81.5,0.0446411
1,82.5,0.256057
2,82.5,0.131867
3,82.5,0.0472583
4,82.5,0.0634595
5,82.5,0.131867
6,82.5,0.0472583
7,82.5,0.131867
8,82.5,0.256057
9,82.5,0.131867
10,82.5,0.256057
11,82.5,0.0162411
12,82.5,0.00142613
13,82.5,0.0512598
14,82.5,0.00142613
15,82.5,0.256057
16,82.5,0.0162411
17,82.5,0.00142613
18,82.5,0.256057
19,82.5,0.0162411
20,82.5,0.131867
21,82.5,0.0512598
1,83.5,0.267257
2,83.5,0.145887
3,83.5,0.0500234
4,83.5,0.0702984
5,83.5,0.145887
6,83.5,0.0500234
7,83.5,0.145887
8,83.5,0.267257
9,83.5,0.145887
10,83.5,0.267257
11,83.5,0.017977
12,83.5,0.00149268
13,83.5,0.058675
14,83.5,0.00149268
15,83.5,0.267257
16,83.5,0.017977
17,83.5,0.00149268
18,83.5,0.267257
19,83.5,0.017977
20,83.5,0.145887
21,83.5,0.058675
1,84.5,0.278757
2,84.5,0.160982
3,84.5,0.0529412
4,84.5,0.0777238
5,84.5,0.160982
6,84.5,0.0529412
7,84.5,0.160982
8,84.5,0.278757
9,84.5,0.160982
10,84.5,0.278757
11,84.5,0.0198733
12,84.5,0.00156232
13,84.5,0.066952
14,84.5,0.00156232
15,84.5,0.278757
16,84.5,0.0198733
17,84.5,0.00156232
18,84.5,0.278757
19,84.5,0.0198733
20,84.5,0.160982
21,84.5,0.066952
1,85.5,0.290554
2,85.5,0.17718
3,85.5,0.0560193
4,85.5,0.0857674
5,85.5,0.17718
6,85.5,0.0560193
7,85.5,0.17718
8,85.5,0.290554
9,85.5,0.17718
10,85.5,0.290554
11,85.5,0.0219417
12,85.5,0.00163522
13,85.5,0.0761569
14,85.5,0.00163522
15,85.5,0.290554
16,85.5,0.0219417
17,85.5,0.00163522
18,85.5,0.290554
19,85.5,0.0219417
20,85.5,0.17718
21,85.5,0.0761569
1,86.5,0.302642
2,86.5,0.194504
3,86.5,0.0592651
4,86.5,0.0944604
5,86.5,0.194504
6,86.5,0.0592651
7,86.5,0.194504
8,86.5,0.302642
9,86.5,0.194504
10,86.5,0.302642
11,86.5,0.0241948
12,86.5,0.0017115
13,86.5,0.0863553
14,86.5,0.0017115
15,86.5,0.302642
16,86.5,0.0241948
17,86.5,0.0017115
18,86.5,0.302642
19,86.5,0.0241948
20,86.5,0.194504
21,86.5,0.0863553
1,87.5,0.315018
2,87.5,0.212971
3,87.5,0.0626865
4,87.5,0.103833
5,87.5,0.212971
6,87.5,0.0626865
7,87.5,0.212971
8,87.5,0.315018
9,87.5,0.212971
10,87.5,0.315018
11,87.5,0.0266454
12,87.5,0.00179134
13,87.5,0.0976121
14,87.5,0.00179134
15,87.5,0.315018
16,87.5,0.0266454
17,87.5,0.00179134
18,87.5,0.315018
19,87.5,0.0266454
20,87.5,0.212971
21,87.5,0.0976121
1,88.5,0.327676
2,88.5,0.23259
3,88.5,0.0662915
4,88.5,0.113915
5,88.5,0.23259
6,88.5,0.0662915
7,88.5,0.23259
8,88.5,0.327676
9,88.5,0.23259
10,88.5,0.327676
11,88.5,0.0293071
12,88.5,0.0018749
13,88.5,0.10999
14,88.5,0.0018749
15,88.5,0.327676
16,88.5,0.0293071
17,88.5,0.0018749
18,88.5,0.327676
19,88.5,0.0293071
20,88.5,0.23259
21,88.5,0.10999
1,89.5,0.34061
2,89.5,0.25336
3,89.5,0.0700882
4,89.5,0.124735
5,89.5,0.25336
6,89.5,0.0700882
7,89.5,0.25336
8,89.5,0.34061
9,89.5,0.25336
10,89.5,0.34061
11,89.5,0.0321938
12,89.5,0.00196234
13,89.5,0.123548
14,89.5,0.00196234
15,89.5,0.34061
16,89.5,0.0321938
17,89.5,0.00196234
18,89.5,0.34061
19,89.5,0.0321938
20,89.5,0.25336
21,89.5,0.123548
1,90.5,0.353812
2,90.5,0.275272
3,90.5,0.0740852
4,90.5,0.136318
5,90.5,0.275272
6,90.5,0.0740852
7,90.5,0.275272
8,90.5,0.353812
9,90.5,0.275272
10,90.5,0.353812
11,90.5,0.0353201
12,90.5,0.00205386
13,90.5,0.138342
14,90.5,0.00205386
15,90.5,0.353812
16,90.5,0.0353201
17,90.5,0.00205386
18,90.5,0.353812
19,90.5,0.0353201
20,90.5,0.275272
21,90.5,0.138342
1,91.5,0.367275
2,91.5,0.298308
3,91.5,0.078291
4,91.5,0.148688
5,91.5,0.298308
6,91.5,0.078291
7,91.5,0.298308
8,91.5,0.367275
9,91.5,0.298308
10,91.5,0.367275
11,91.5,0.0387009
12,91.5,0.00214964
13,91.5,0.154421
14,91.5,0.00214964
15,91.5,0.367275
16,91.5,0.0387009
17,91.5,0.00214964
18,91.5,0.367275
19,91.5,0.0387009
20,91.5,0.298308
21,91.5,0.154421
1,92.5,0.38099
2,92.5,0.322437
3,92.5,0.0827142
4,92.5,0.161868
5,92.5,0.322437
6,92.5,0.0827142
7,92.5,0.322437
8,92.5,0.38099
9,92.5,0.322437
10,92.5,0.38099
11,92.5,0.0423517
12,92.5,0.00224987
13,92.5,0.171828
14,92.5,0.00224987
15,92.5,0.38099
16,92.5,0.0423517
17,92.5,0.00224987
18,92.5,0.38099
19,92.5,0.0423517
20,92.5,0.322437
21,92.5,0.171828
1,93.5,0.394947
2,93.5,0.347618
3,93.5,0.0873636
4,93.5,0.175875
5,93.5,0.347618
6,93.5,0.0873636
7,93.5,0.347618
8,93.5,0.394947
9,93.5,0.347618
10,93.5,0.394947
11,93.5,0.0462881
12,93.5,0.00235476
13,93.5,0.190597
14,93.5,0.00235476
15,93.5,0.394947
16,93.5,0.0462881
17,93.5,0.00235476
18,93.5,0.394947
19,93.5,0.0462881
20,93.5,0.347618
21,93.5,0.190597
1,94.5,0.409135
2,94.5,0.373799
3,94.5,0.092248
4,94.5,0.190725
5,94.5,0.373799
6,94.5,0.092248
7,94.5,0.373799
8,94.5,0.409135
9,94.5,0.373799
10,94.5,0.409135
11,94.5,0.0505264
12,94.5,0.00246453
13,94.5,0.210752
14,94.5,0.00246453
15,94.5,0.409135
16,94.5,0.0505264
17,94.5,0.00246453
18,94.5,0.409135
19,94.5,0.0505264
20,94.5,0.373799
21,94.5,0.210752
1,95.5,0.423544
2,95.5,0.400913
3,95.5,0.0973764
4,95.5,0.206428
5,95.5,0.400913
6,95.5,0.0973764
7,95.5,0.400913
8,95.5,0.423544
9,95.5,0.400913
10,95.5,0.423544
11,95.5,0.0550829
12,95.5,0.00257941
13,95.5,0.232307
14,95.5,0.00257941
15,95.5,0.423544
16,95.5,0.0550829
17,95.5,0.00257941
18,95.5,0.423544
19,95.5,0.0550829
20,95.5,0.400913
21,95.5,0.232307
1,96.5,0.43816
2,96.5,0.428885
3,96.5,0.102758
4,96.5,0.222992
5,96.5,0.428885
6,96.5,0.102758
7,96.5,0.428885
8,96.5,0.43816
9,96.5,0.428885
10,96.5,0.43816
11,96.5,0.0599743
12,96.5,0.00269962
13,96.5,0.255263
14,96.5,0.00269962
15,96.5,0.43816
16,96.5,0.0599743
17,96.5,0.00269962
18,96.5,0.43816
19,96.5,0.0599743
20,96.5,0.428885
21,96.5,0.255263
1,97.5,0.452971
2,97.5,0.457624
3,97.5,0.108401
4,97.5,0.24042
5,97.5,0.457624
6,97.5,0.108401
7,97.5,0.457624
8,97.5,0.452971
9,97.5,0.457624
10,97.5,0.452971
11,97.5,0.0652173
12,97.5,0.00282543
13,97.5,0.279607
14,97.5,0.00282543
15,97.5,0.452971
16,97.5,0.0652173
17,97.5,0.00282543
18,97.5,0.452971
19,97.5,0.0652173
20,97.5,0.457624
21,97.5,0.279607
1,98.5,0.467963
2,98.5,0.487028
3,98.5,0.114314
4,98.5,0.258708
5,98.5,0.487028
6,98.5,0.114314
7,98.5,0.487028
8,98.5,0.467963
9,98.5,0.487028
10,98.5,0.467963
11,98.5,0.0708289
12,98.5,0.00295708
13,98.5,0.305311
14,98.5,0.00295708
15,98.5,0.467963
16,98.5,0.0708289
17,98.5,0.00295708
18,98.5,0.467963
19,98.5,0.0708289
20,98.5,0.487028
21,98.5,0.305311
1,99.5,0.483121
2,99.5,0.516983
3,99.5,0.120506
4,99.5,0.27785
5,99.5,0.516983
6,99.5,0.120506
7,99.5,0.516983
8,99.5,0.483121
9,99.5,0.516983
10,99.5,0.483121
11,99.5,0.0768259
12,99.5,0.00309484
13,99.5,0.332331
14,99.5,0.00309484
15,99.5,0.483121
16,99.5,0.0768259
17,99.5,0.00309484
18,99.5,0.483121
19,99.5,0.0768259
20,99.5,0.516983
21,99.5,0.332331
1,100.5,0.498428
2,100.5,0.547365
3,100.5,0.126986
4,100.5,0.29783
5,100.5,0.547365
6,100.5,0.126986
7,100.5,0.547365
8,100.5,0.498428
9,100.5,0.547365
10,100.5,0.498428
11,100.5,0.0832252
12,100.5,0.003239
13,100.5,0.360608
14,100.5,0.003239
15,100.5,0.498428
16,100.5,0.0832252
17,100.5,0.003239
18,100.5,0.498428
19,100.5,0.0832252
20,100.5,0.547365
21,100.5,0.360608
1,101.5,0.51387
2,101.5,0.578036
3,101.5,0.133761
4,101.5,0.31863
5,101.5,0.578036
6,101.5,0.133761
7,101.5,0.578036
8,101.5,0.51387
9,101.5,0.578036
10,101.5,0.51387
11,101.5,0.0900433
12,101.5,0.00338985
13,101.5,0.390061
14,101.5,0.00338985
15,101.5,0.51387
16,101.5,0.0900433
17,101.5,0.00338985
18,101.5,0.51387
19,101.5,0.0900433
20,101.5,0.578036
21,101.5,0.390061
1,102.5,0.529428
2,102.5,0.60885
3,102.5,0.140839
4,102.5,0.340224
5,102.5,0.60885
6,102.5,0.140839
7,102.5,0.60885
8,102.5,0.529428
9,102.5,0.60885
10,102.5,0.529428
11,102.5,0.0972966
12,102.5,0.0035477
13,102.5,0.420596
14,102.5,0.0035477
15,102.5,0.529428
16,102.5,0.0972966
17,102.5,0.0035477
18,102.5,0.529428
19,102.5,0.0972966
20,102.5,0.60885
21,102.5,0.420596
1,103.5,0.545084
2,103.5,0.639652
3,103.5,0.148227
4,103.5,0.362578
5,103.5,0.639652
6,103.5,0.148227
7,103.5,0.639652
8,103.5,0.545084
9,103.5,0.639652
10,103.5,0.545084
11,103.5,0.105001
12,103.5,0.00371288
13,103.5,0.452098
14,103.5,0.00371288
15,103.5,0.545084
16,103.5,0.105001
17,103.5,0.00371288
18,103.5,0.545084
19,103.5,0.105001
20,103.5,0.639652
21,103.5,0.452098
1,104.5,0.56082
2,104.5,0.670277
3,104.5,0.155933
4,104.5,0.385654
5,104.5,0.670277
6,104.5,0.155933
7,104.5,0.670277
8,104.5,0.56082
9,104.5,0.670277
10,104.5,0.56082
11,104.5,0.113172
12,104.5,0.00388572
13,104.5,0.484434
14,104.5,0.00388572
15,104.5,0.56082
16,104.5,0.113172
17,104.5,0.00388572
18,104.5,0.56082
19,104.5,0.113172
20,104.5,0.670277
21,104.5,0.484434
1,105.5,0.576615
2,105.5,0.700556
3,105.5,0.163963
4,105.5,0.409405
5,105.5,0.700556
6,105.5,0.163963
7,105.5,0.700556
8,105.5,0.576615
9,105.5,0.700556
10,105.5,0.576615
11,105.5,0.121825
12,105.5,0.00406657
13,105.5,0.517452
14,105.5,0.00406657
15,105.5,0.576615
16,105.5,0.121825
17,105.5,0.00406657
18,105.5,0.576615
19,105.5,0.121825
20,105.5,0.700556
21,105.5,0.517452
1,106.5,0.592451
2,106.5,0.730312
3,106.5,0.172321
4,106.5,0.433779
5,106.5,0.730312
6,106.5,0.172321
7,106.5,0.730312
8,106.5,0.592451
9,106.5,0.730312
10,106.5,0.592451
11,106.5,0.130973
12,106.5,0.0042558
13,106.5,0.550987
14,106.5,0.0042558
15,106.5,0.592451
16,106.5,0.130973
17,106.5,0.0042558
18,106.5,0.592451
19,106.5,0.130973
20,106.5,0.730312
21,106.5,0.550987
1,107.5,0.608305
2,107.5,0.759367
3,107.5,0.181013
4,107.5,0.458715
5,107.5,0.759367
6,107.5,0.181013
7,107.5,0.759367
8,107.5,0.608305
9,107.5,0.759367
10,107.5,0.608305
11,107.5,0.140629
12,107.5,0.0044538
13,107.5,0.584853
14,107.5,0.0044538
15,107.5,0.608305
16,107.5,0.140629
17,107.5,0.0044538
18,107.5,0.608305
19,107.5,0.140629
20,107.5,0.759367
21,107.5,0.584853
1,108.5,0.624157
2,108.5,0.78754
3,108.5,0.190043
4,108.5,0.484147
5,108.5,0.78754
6,108.5,0.190043
7,108.5,0.78754
8,108.5,0.624157
9,108.5,0.78754
10,108.5,0.624157
11,108.5,0.150807
12,108.5,0.00466096
13,108.5,0.618851
14,108.5,0.00466096
15,108.5,0.624157
16,108.5,0.150807
17,108.5,0.00466096
18,108.5,0.624157
19,108.5,0.150807
20,108.5,0.78754
21,108.5,0.618851
1,109.5,0.639985
2,109.5,0.81465
3,109.5,0.199414
4,109.5,0.51
5,109.5,0.81465
6,109.5,0.199414
7,109.5,0.81465
8,109.5,0.639985
9,109.5,0.81465
10,109.5,0.639985
11,109.5,0.161516
12,109.5,0.00487772
13,109.5,0.652771
14,109.5,0.00487772
15,109.5,0.639985
16,109.5,0.161516
17,109.5,0.00487772
18,109.5,0.639985
19,109.5,0.161516
20,109.5,0.81465
21,109.5,0.652771
1,110.5,0.655766
2,110.5,0.840518
3,110.5,0.209128
4,110.5,0.536195
5,110.5,0.840518
6,110.5,0.209128
7,110.5,0.840518
8,110.5,0.655766
9,110.5,0.840518
10,110.5,0.655766
11,110.5,0.172767
12,110.5,0.0051045
13,110.5,0.686388
14,110.5,0.0051045
15,110.5,0.655766
16,110.5,0.172767
17,110.5,0.0051045
18,110.5,0.655766
19,110.5,0.172767
20,110.5,0.840518
21,110.5,0.686388
1,111.5,0.671476
2,111.5,0.864969
3,111.5,0.219185
4,111.5,0.562646
5,111.5,0.864969
6,111.5,0.219185
7,111.5,0.864969
8,111.5,0.671476
9,111.5,0.864969
10,111.5,0.671476
11,111.5,0.184567
12,111.5,0.00534177
13,111.5,0.719471
14,111.5,0.00534177
15,111.5,0.671476
16,111.5,0.184567
17,111.5,0.00534177
18,111.5,0.671476
19,111.5,0.184567
20,111.5,0.864969
21,111.5,0.719471
1,112.5,0.687093
2,112.5,0.887834
3,112.5,0.229586
4,112.5,0.589259
5,112.5,0.887834
6,112.5,0.229586
7,112.5,0.887834
8,112.5,0.687093
9,112.5,0.887834
10,112.5,0.687093
11,112.5,0.196923
12,112.5,0.00559001
13,112.5,0.75178
14,112.5,0.00559001
15,112.5,0.687093
16,112.5,0.196923
17,112.5,0.00559001
18,112.5,0.687093
19,112.5,0.196923
20,112.5,0.887834
21,112.5,0.75178
1,113.5,0.702593
2,113.5,0.90895
3,113.5,0.240328
4,113.5,0.615938
5,113.5,0.90895
6,113.5,0.240328
7,113.5,0.90895
8,113.5,0.702593
9,113.5,0.90895
10,113.5,0.702593
11,113.5,0.209841
12,113.5,0.00584971
13,113.5,0.783075
14,113.5,0.00584971
15,113.5,0.702593
16,113.5,0.209841
17,113.5,0.00584971
18,113.5,0.702593
19,113.5,0.209841
20,113.5,0.90895
21,113.5,0.783075
1,114.5,0.717952
2,114.5,0.928168
3,114.5,0.251408
4,114.5,0.64258
5,114.5,0.928168
6,114.5,0.251408
7,114.5,0.928168
8,114.5,0.717952
9,114.5,0.928168
10,114.5,0.717952
11,114.5,0.223323
12,114.5,0.00612141
13,114.5,0.813112
14,114.5,0.00612141
15,114.5,0.717952
16,114.5,0.223323
17,114.5,0.00612141
18,114.5,0.717952
19,114.5,0.223323
20,114.5,0.928168
21,114.5,0.813112
1,115.5,0.733145
2,115.5,0.945345
3,115.5,0.262823
4,115.5,0.669078
5,115.5,0.945345
6,115.5,0.262823
7,115.5,0.945345
8,115.5,0.733145
9,115.5,0.945345
10,115.5,0.733145
11,115.5,0.237371
12,115.5,0.00640564
13,115.5,0.841651
14,115.5,0.00640564
15,115.5,0.733145
16,115.5,0.237371
17,115.5,0.00640564
18,115.5,0.733145
19,115.5,0.237371
20,115.5,0.945345
21,115.5,0.841651
1,116.5,0.748148
2,116.5,0.960354
3,116.5,0.274566
4,116.5,0.695322
5,116.5,0.960354
6,116.5,0.274566
7,116.5,0.960354
8,116.5,0.748148
9,116.5,0.960354
10,116.5,0.748148
11,116.5,0.251982
12,116.5,0.00670299
13,116.5,0.868457
14,116.5,0.00670299
15,116.5,0.748148
16,116.5,0.251982
17,116.5,0.00670299
18,116.5,0.748148
19,116.5,0.251982
20,116.5,0.960354
21,116.5,0.868457
1,117.5,0.762937
2,117.5,0.973084
3,117.5,0.28663
4,117.5,0.721198
5,117.5,0.973084
6,117.5,0.28663
7,117.5,0.973084
8,117.5,0.762937
9,117.5,0.973084
10,117.5,0.762937
11,117.5,0.267154
12,117.5,0.00701403
13,117.5,0.893304
14,117.5,0.00701403
15,117.5,0.762937
16,117.5,0.267154
17,117.5,0.00701403
18,117.5,0.762937
19,117.5,0.267154
20,117.5,0.973084
21,117.5,0.893304
1,118.5,0.777486
2,118.5,0.983437
3,118.5,0.299005
4,118.5,0.74659
5,118.5,0.983437
6,118.5,0.299005
7,118.5,0.983437
8,118.5,0.777486
9,118.5,0.983437
10,118.5,0.777486
11,118.5,0.282881
12,118.5,0.00733941
13,118.5,0.915976
14,118.5,0.00733941
15,118.5,0.777486
16,118.5,0.282881
17,118.5,0.00733941
18,118.5,0.777486
19,118.5,0.282881
20,118.5,0.983437
21,118.5,0.915976
1,119.5,0.791772
2,119.5,0.991336
3,119.5,0.311681
4,119.5,0.771382
5,119.5,0.991336
6,119.5,0.311681
7,119.5,0.991336
8,119.5,0.791772
9,119.5,0.991336
10,119.5,0.791772
11,119.5,0.299155
12,119.5,0.00767976
13,119.5,0.936276
14,119.5,0.00767976
15,119.5,0.791772
16,119.5,0.299155
17,119.5,0.00767976
18,119.5,0.791772
19,119.5,0.299155
20,119.5,0.991336
21,119.5,0.936276
1,120.5,0.805769
2,120.5,0.996718
3,120.5,0.324646
4,120.5,0.795455
5,120.5,0.996718
6,120.5,0.324646
7,120.5,0.996718
8,120.5,0.805769
9,120.5,0.996718
10,120.5,0.805769
11,120.5,0.315964
12,120.5,0.00803577
13,120.5,0.954022
14,120.5,0.00803577
15,120.5,0.805769
16,120.5,0.315964
17,120.5,0.00803577
18,120.5,0.805769
19,120.5,0.315964
20,120.5,0.996718
21,120.5,0.954022
1,121.5,0.819453
2,121.5,0.999543
3,121.5,0.337885
4,121.5,0.818694
5,121.5,0.999543
6,121.5,0.337885
7,121.5,0.999543
8,121.5,0.819453
9,121.5,0.999543
10,121.5,0.819453
11,121.5,0.333295
12,121.5,0.00840814
13,121.5,0.969052
14,121.5,0.00840814
15,121.5,0.819453
16,121.5,0.333295
17,121.5,0.00840814
18,121.5,0.819453
19,121.5,0.333295
20,121.5,0.999543
21,121.5,0.969052
1,122.5,0.8328
2,122.5,0.999999
3,122.5,0.351383
4,122.5,0.840983
5,122.5,0.999999
6,122.5,0.351383
7,122.5,0.999999
8,122.5,0.8328
9,122.5,0.999999
10,122.5,0.8328
11,122.5,0.351131
12,122.5,0.00879762
13,122.5,0.981229
14,122.5,0.00879762
15,122.5,0.8328
16,122.5,0.351131
17,122.5,0.00879762
18,122.5,0.8328
19,122.5,0.351131
20,122.5,0.999999
21,122.5,0.981229
1,123.5,0.845786
2,123.5,1
3,123.5,0.365123
4,123.5,0.862207
5,123.5,1
6,123.5,0.365123
7,123.5,1
8,123.5,0.845786
9,123.5,1
10,123.5,0.845786
11,123.5,0.369454
12,123.5,0.00920496
13,123.5,0.990441
14,123.5,0.00920496
15,123.5,0.845786
16,123.5,0.369454
17,123.5,0.00920496
18,123.5,0.845786
19,123.5,0.369454
20,123.5,1
21,123.5,0.990441
1,124.5,0.858388
2,124.5,1
3,124.5,0.379087
4,124.5,0.882258
5,124.5,1
6,124.5,0.379087
7,124.5,1
8,124.5,0.858388
9,124.5,1
10,124.5,0.858388
11,124.5,0.388241
12,124.5,0.00963099
13,124.5,0.9966
14,124.5,0.00963099
15,124.5,0.858388
16,124.5,0.388241
17,124.5,0.00963099
18,124.5,0.858388
19,124.5,0.388241
20,124.5,1
21,124.5,0.9966
1,125.5,0.870582
2,125.5,1
3,125.5,0.393253
4,125.5,0.90103
5,125.5,1
6,125.5,0.393253
7,125.5,1
8,125.5,0.870582
9,125.5,1
10,125.5,0.870582
11,125.5,0.407466
12,125.5,0.0100765
13,125.5,0.999651
14,125.5,0.0100765
15,125.5,0.870582
16,125.5,0.407466
17,125.5,0.0100765
18,125.5,0.870582
19,125.5,0.407466
20,125.5,1
21,125.5,0.999651
1,126.5,0.882346
2,126.5,1
3,126.5,0.407602
4,126.5,0.918422
5,126.5,1
6,126.5,0.407602
7,126.5,1
8,126.5,0.882346
9,126.5,1
10,126.5,0.882346
11,126.5,0.427101
12,126.5,0.0105425
13,126.5,1
14,126.5,0.0105425
15,126.5,0.882346
16,126.5,0.427101
17,126.5,0.0105425
18,126.5,0.882346
19,126.5,0.427101
20,126.5,1
21,126.5,1
1,127.5,0.893659
2,127.5,1
3,127.5,0.422109
4,127.5,0.934339
5,127.5,1
6,127.5,0.422109
7,127.5,1
8,127.5,0.893659
9,127.5,1
10,127.5,0.893659
11,127.5,0.447116
12,127.5,0.0110297
13,127.5,1
14,127.5,0.0110297
15,127.5,0.893659
16,127.5,0.447116
17,127.5,0.0110297
18,127.5,0.893659
19,127.5,0.447116
20,127.5,1
21,127.5,1
1,128.5,0.904497
2,128.5,1
3,128.5,0.436753
4,128.5,0.948694
5,128.5,1
6,128.5,0.436753
7,128.5,1
8,128.5,0.904497
9,128.5,1
10,128.5,0.904497
11,128.5,0.467477
12,128.5,0.0115392
13,128.5,1
14,128.5,0.0115392
15,128.5,0.904497
16,128.5,0.467477
17,128.5,0.0115392
18,128.5,0.904497
19,128.5,0.467477
20,128.5,1
21,128.5,1
1,129.5,0.914842
2,129.5,1
3,129.5,0.451507
4,129.5,0.961406
5,129.5,1
6,129.5,0.451507
7,129.5,1
8,129.5,0.914842
9,129.5,1
10,129.5,0.914842
11,129.5,0.488145
12,129.5,0.0120719
13,129.5,1
14,129.5,0.0120719
15,129.5,0.914842
16,129.5,0.488145
17,129.5,0.0120719
18,129.5,0.914842
19,129.5,0.488145
20,129.5,1
21,129.5,1
1,130.5,0.924673
2,130.5,1
3,130.5,0.466347
4,130.5,0.972406
5,130.5,1
6,130.5,0.466347
7,130.5,1
8,130.5,0.924673
9,130.5,1
10,130.5,0.924673
11,130.5,0.509082
12,130.5,0.012629
13,130.5,1
14,130.5,0.012629
15,130.5,0.924673
16,130.5,0.509082
17,130.5,0.012629
18,130.5,0.924673
19,130.5,0.509082
20,130.5,1
21,130.5,1
1,131.5,0.933971
2,131.5,1
3,131.5,0.481247
4,131.5,0.981629
5,131.5,1
6,131.5,0.481247
7,131.5,1
8,131.5,0.933971
9,131.5,1
10,131.5,0.933971
11,131.5,0.530245
12,131.5,0.0132113
13,131.5,1
14,131.5,0.0132113
15,131.5,0.933971
16,131.5,0.530245
17,131.5,0.0132113
18,131.5,0.933971
19,131.5,0.530245
20,131.5,1
21,131.5,1
1,132.5,0.942718
2,132.5,1
3,132.5,0.496181
4,132.5,0.989023
5,132.5,1
6,132.5,0.496181
7,132.5,1
8,132.5,0.942718
9,132.5,1
10,132.5,0.942718
11,132.5,0.551588
12,132.5,0.0138202
13,132.5,1
14,132.5,0.0138202
15,132.5,0.942718
16,132.5,0.551588
17,132.5,0.0138202
18,132.5,0.942718
19,132.5,0.551588
20,132.5,1
21,132.5,1
1,133.5,0.950896
2,133.5,1
3,133.5,0.511121
4,133.5,0.994546
5,133.5,1
6,133.5,0.511121
7,133.5,1
8,133.5,0.950896
9,133.5,1
10,133.5,0.950896
11,133.5,0.573063
12,133.5,0.0144567
13,133.5,1
14,133.5,0.0144567
15,133.5,0.950896
16,133.5,0.573063
17,133.5,0.0144567
18,133.5,0.950896
19,133.5,0.573063
20,133.5,1
21,133.5,1
1,134.5,0.95849
2,134.5,1
3,134.5,0.526042
4,134.5,0.998166
5,134.5,1
6,134.5,0.526042
7,134.5,1
8,134.5,0.95849
9,134.5,1
10,134.5,0.95849
11,134.5,0.594621
12,134.5,0.0151221
13,134.5,1
14,134.5,0.0151221
15,134.5,0.95849
16,134.5,0.594621
17,134.5,0.0151221
18,134.5,0.95849
19,134.5,0.594621
20,134.5,1
21,134.5,1
1,135.5,0.965485
2,135.5,1
3,135.5,0.540916
4,135.5,0.999863
5,135.5,1
6,135.5,0.540916
7,135.5,1
8,135.5,0.965485
9,135.5,1
10,135.5,0.965485
11,135.5,0.616209
12,135.5,0.0158176
13,135.5,1
14,135.5,0.0158176
15,135.5,0.965485
16,135.5,0.616209
17,135.5,0.0158176
18,135.5,0.965485
19,135.5,0.616209
20,135.5,1
21,135.5,1
1,136.5,0.971866
2,136.5,1
3,136.5,0.555717
4,136.5,1
5,136.5,1
6,136.5,0.555717
7,136.5,1
8,136.5,0.971866
9,136.5,1
10,136.5,0.971866
11,136.5,0.637771
12,136.5,0.0165446
13,136.5,1
14,136.5,0.0165446
15,136.5,0.971866
16,136.5,0.637771
17,136.5,0.0165446
18,136.5,0.971866
19,136.5,0.637771
20,136.5,1
21,136.5,1
1,137.5,0.977621
2,137.5,1
3,137.5,0.570421
4,137.5,1
5,137.5,1
6,137.5,0.570421
7,137.5,1
8,137.5,0.977621
9,137.5,1
10,137.5,0.977621
11,137.5,0.659253
12,137.5,0.0173044
13,137.5,1
14,137.5,0.0173044
15,137.5,0.977621
16,137.5,0.659253
17,137.5,0.0173044
18,137.5,0.977621
19,137.5,0.659253
20,137.5,1
21,137.5,1
1,138.5,0.982738
2,138.5,1
3,138.5,0.585001
4,138.5,1
5,138.5,1
6,138.5,0.585001
7,138.5,1
8,138.5,0.982738
9,138.5,1
10,138.5,0.982738
11,138.5,0.680595
12,138.5,0.0180984
13,138.5,1
14,138.5,0.0180984
15,138.5,0.982738
16,138.5,0.680595
17,138.5,0.0180984
18,138.5,0.982738
19,138.5,0.680595
20,138.5,1
21,138.5,1
1,139.5,0.987207
2,139.5,1
3,139.5,0.599433
4,139.5,1
5,139.5,1
6,139.5,0.599433
7,139.5,1
8,139.5,0.987207
9,139.5,1
10,139.5,0.987207
11,139.5,0.701738
12,139.5,0.0189282
13,139.5,1
14,139.5,0.0189282
15,139.5,0.987207
16,139.5,0.701738
17,139.5,0.0189282
18,139.5,0.987207
19,139.5,0.701738
20,139.5,1
21,139.5,1
1,140.5,0.991019
2,140.5,1
3,140.5,0.613696
4,140.5,1
5,140.5,1
6,140.5,0.613696
7,140.5,1
8,140.5,0.991019
9,140.5,1
10,140.5,0.991019
11,140.5,0.722622
12,140.5,0.0197952
13,140.5,1
14,140.5,0.0197952
15,140.5,0.991019
16,140.5,0.722622
17,140.5,0.0197952
18,140.5,0.991019
19,140.5,0.722622
20,140.5,1
21,140.5,1
1,141.5,0.994165
2,141.5,1
3,141.5,0.627765
4,141.5,1
5,141.5,1
6,141.5,0.627765
7,141.5,1
8,141.5,0.994165
9,141.5,1
10,141.5,0.994165
11,141.5,0.743185
12,141.5,0.0207011
13,141.5,1
14,141.5,0.0207011
15,141.5,0.994165
16,141.5,0.743185
17,141.5,0.0207011
18,141.5,0.994165
19,141.5,0.743185
20,141.5,1
21,141.5,1
1,142.5,0.99664
2,142.5,1
3,142.5,0.641622
4,142.5,1
5,142.5,1
6,142.5,0.641622
7,142.5,1
8,142.5,0.99664
9,142.5,1
10,142.5,0.99664
11,142.5,0.763365
12,142.5,0.0216476
13,142.5,1
14,142.5,0.0216476
15,142.5,0.99664
16,142.5,0.763365
17,142.5,0.0216476
18,142.5,0.99664
19,142.5,0.763365
20,142.5,1
21,142.5,1
1,143.5,0.998439
2,143.5,1
3,143.5,0.655246
4,143.5,1
5,143.5,1
6,143.5,0.655246
7,143.5,1
8,143.5,0.998439
9,143.5,1
10,143.5,0.998439
11,143.5,0.783101
12,143.5,0.0226363
13,143.5,1
14,143.5,0.0226363
15,143.5,0.998439
16,143.5,0.783101
17,143.5,0.0226363
18,143.5,0.998439
19,143.5,0.783101
20,143.5,1
21,143.5,1
1,144.5,0.999558
2,144.5,1
3,144.5,0.66862
4,144.5,1
5,144.5,1
6,144.5,0.66862
7,144.5,1
8,144.5,0.999558
9,144.5,1
10,144.5,0.999558
11,144.5,0.802329
12,144.5,0.0236691
13,144.5,1
14,144.5,0.0236691
15,144.5,0.999558
16,144.5,0.802329
17,144.5,0.0236691
18,144.5,0.999558
19,144.5,0.802329
20,144.5,1
21,144.5,1
1,145.5,0.999994
2,145.5,1
3,145.5,0.681727
4,145.5,1
5,145.5,1
6,145.5,0.681727
7,145.5,1
8,145.5,0.999994
9,145.5,1
10,145.5,0.999994
11,145.5,0.820989
12,145.5,0.0247479
13,145.5,1
14,145.5,0.0247479
15,145.5,0.999994
16,145.5,0.820989
17,145.5,0.0247479
18,145.5,0.999994
19,145.5,0.820989
20,145.5,1
21,145.5,1
1,146.5,1
2,146.5,1
3,146.5,0.694552
4,146.5,1
5,146.5,1
6,146.5,0.694552
7,146.5,1
8,146.5,1
9,146.5,1
10,146.5,1
11,146.5,0.839019
12,146.5,0.0258745
13,146.5,1
14,146.5,0.0258745
15,146.5,1
16,146.5,0.839019
17,146.5,0.0258745
18,146.5,1
19,146.5,0.839019
20,146.5,1
21,146.5,1
1,147.5,1
2,147.5,1
3,147.5,0.707082
4,147.5,1
5,147.5,1
6,147.5,0.707082
7,147.5,1
8,147.5,1
9,147.5,1
10,147.5,1
11,147.5,0.856359
12,147.5,0.0270509
13,147.5,1
14,147.5,0.0270509
15,147.5,1
16,147.5,0.856359
17,147.5,0.0270509
18,147.5,1
19,147.5,0.856359
20,147.5,1
21,147.5,1
1,148.5,1
2,148.5,1
3,148.5,0.719306
4,148.5,1
5,148.5,1
6,148.5,0.719306
7,148.5,1
8,148.5,1
9,148.5,1
10,148.5,1
11,148.5,0.872951
12,148.5,0.0282793
13,148.5,1
14,148.5,0.0282793
15,148.5,1
16,148.5,0.872951
17,148.5,0.0282793
18,148.5,1
19,148.5,0.872951
20,148.5,1
21,148.5,1
1,149.5,1
2,149.5,1
3,149.5,0.731214
4,149.5,1
5,149.5,1
6,149.5,0.731214
7,149.5,1
8,149.5,1
9,149.5,1
10,149.5,1
11,149.5,0.888737
12,149.5,0.0295618
13,149.5,1
14,149.5,0.0295618
15,149.5,1
16,149.5,0.888737
17,149.5,0.0295618
18,149.5,1
19,149.5,0.888737
20,149.5,1
21,149.5,1
1,150.5,1
2,150.5,1
3,150.5,0.742798
4,150.5,1
5,150.5,1
6,150.5,0.742798
7,150.5,1
8,150.5,1
9,150.5,1
10,150.5,1
11,150.5,0.903663
12,150.5,0.0309006
13,150.5,1
14,150.5,0.0309006
15,150.5,1
16,150.5,0.903663
17,150.5,0.0309006
18,150.5,1
19,150.5,0.903663
20,150.5,1
21,150.5,1
1,151.5,1
2,151.5,1
3,151.5,0.75405
4,151.5,1
5,151.5,1
6,151.5,0.75405
7,151.5,1
8,151.5,1
9,151.5,1
10,151.5,1
11,151.5,0.917677
12,151.5,0.0322981
13,151.5,1
14,151.5,0.0322981
15,151.5,1
16,151.5,0.917677
17,151.5,0.0322981
18,151.5,1
19,151.5,0.917677
20,151.5,1
21,151.5,1
1,152.5,0.99978
2,152.5,1
3,152.5,0.764966
4,152.5,1
5,152.5,1
6,152.5,0.764966
7,152.5,1
8,152.5,0.99978
9,152.5,1
10,152.5,0.99978
11,152.5,0.930728
12,152.5,0.0337565
13,152.5,1
14,152.5,0.0337565
15,152.5,0.99978
16,152.5,0.930728
17,152.5,0.0337565
18,152.5,0.99978
19,152.5,0.930728
20,152.5,1
21,152.5,1
1,153.5,0.999135
2,153.5,1
3,153.5,0.775541
4,153.5,1
5,153.5,1
6,153.5,0.775541
7,153.5,1
8,153.5,0.999135
9,153.5,1
10,153.5,0.999135
11,153.5,0.942769
12,153.5,0.0352783
13,153.5,1
14,153.5,0.0352783
15,153.5,0.999135
16,153.5,0.942769
17,153.5,0.0352783
18,153.5,0.999135
19,153.5,0.942769
20,153.5,1
21,153.5,1
1,154.5,0.998066
2,154.5,1
3,154.5,0.785774
4,154.5,1
5,154.5,1
6,154.5,0.785774
7,154.5,1
8,154.5,0.998066
9,154.5,1
10,154.5,0.998066
11,154.5,0.953756
12,154.5,0.0368662
13,154.5,1
14,154.5,0.0368662
15,154.5,0.998066
16,154.5,0.953756
17,154.5,0.0368662
18,154.5,0.998066
19,154.5,0.953756
20,154.5,1
21,154.5,1
1,155.5,0.996575
2,155.5,1
3,155.5,0.795663
4,155.5,1
5,155.5,1
6,155.5,0.795663
7,155.5,1
8,155.5,0.996575
9,155.5,1
10,155.5,0.996575
11,155.5,0.96365
12,155.5,0.0385226
13,155.5,1
14,155.5,0.0385226
15,155.5,0.996575
16,155.5,0.96365
17,155.5,0.0385226
18,155.5,0.996575
19,155.5,0.96365
20,155.5,1
21,155.5,1
1,156.5,0.994663
2,156.5,1
3,156.5,0.805209
4,156.5,1
5,156.5,1
6,156.5,0.805209
7,156.5,1
8,156.5,0.994663
9,156.5,1
10,156.5,0.994663
11,156.5,0.972414
12,156.5,0.0402504
13,156.5,1
14,156.5,0.0402504
15,156.5,0.994663
16,156.5,0.972414
17,156.5,0.0402504
18,156.5,0.994663
19,156.5,0.972414
20,156.5,1
21,156.5,1
1,157.5,0.992332
2,157.5,1
3,157.5,0.814413
4,157.5,1
5,157.5,1
6,157.5,0.814413
7,157.5,1
8,157.5,0.992332
9,157.5,1
10,157.5,0.992332
11,157.5,0.980014
12,157.5,0.0420523
13,157.5,1
14,157.5,0.0420523
15,157.5,0.992332
16,157.5,0.980014
17,157.5,0.0420523
18,157.5,0.992332
19,157.5,0.980014
20,157.5,1
21,157.5,1
1,158.5,0.989587
2,158.5,1
3,158.5,0.823277
4,158.5,1
5,158.5,1
6,158.5,0.823277
7,158.5,1
8,158.5,0.989587
9,158.5,1
10,158.5,0.989587
11,158.5,0.986424
12,158.5,0.0439312
13,158.5,1
14,158.5,0.0439312
15,158.5,0.989587
16,158.5,0.986424
17,158.5,0.0439312
18,158.5,0.989587
19,158.5,0.986424
20,158.5,1
21,158.5,1
1,159.5,0.986429
2,159.5,1
3,159.5,0.831806
4,159.5,1
5,159.5,1
6,159.5,0.831806
7,159.5,1
8,159.5,0.986429
9,159.5,1
10,159.5,0.986429
11,159.5,0.991618
12,159.5,0.04589
13,159.5,1
14,159.5,0.04589
15,159.5,0.986429
16,159.5,0.991618
17,159.5,0.04589
18,159.5,0.986429
19,159.5,0.991618
20,159.5,1
21,159.5,1
1,160.5,0.982864
2,160.5,1
3,160.5,0.840003
4,160.5,1
5,160.5,1
6,160.5,0.840003
7,160.5,1
8,160.5,0.982864
9,160.5,1
10,160.5,0.982864
11,160.5,0.995578
12,160.5,0.0479317
13,160.5,1
14,160.5,0.0479317
15,160.5,0.982864
16,160.5,0.995578
17,160.5,0.0479317
18,160.5,0.982864
19,160.5,0.995578
20,160.5,1
21,160.5,1
1,161.5,0.978896
2,161.5,1
3,161.5,0.847873
4,161.5,1
5,161.5,1
6,161.5,0.847873
7,161.5,1
8,161.5,0.978896
9,161.5,1
10,161.5,0.978896
11,161.5,0.998287
12,161.5,0.0500596
13,161.5,1
14,161.5,0.0500596
15,161.5,0.978896
16,161.5,0.998287
17,161.5,0.0500596
18,161.5,0.978896
19,161.5,0.998287
20,161.5,1
21,161.5,1
1,162.5,0.97453
2,162.5,1
3,162.5,0.855423
4,162.5,1
5,162.5,1
6,162.5,0.855423
7,162.5,1
8,162.5,0.97453
9,162.5,1
10,162.5,0.97453
11,162.5,0.999737
12,162.5,0.0522767
13,162.5,1
14,162.5,0.0522767
15,162.5,0.97453
16,162.5,0.999737
17,162.5,0.0522767
18,162.5,0.97453
19,162.5,0.999737
20,162.5,1
21,162.5,1
1,163.5,0.969771
2,163.5,1
3,163.5,0.862659
4,163.5,1
5,163.5,1
6,163.5,0.862659
7,163.5,1
8,163.5,0.969771
9,163.5,1
10,163.5,0.969771
11,163.5,1
12,163.5,0.0545863
13,163.5,1
14,163.5,0.0545863
15,163.5,0.969771
16,163.5,1
17,163.5,0.0545863
18,163.5,0.969771
19,163.5,1
20,163.5,1
21,163.5,1
1,164.5,0.964625
2,164.5,1
3,164.5,0.869588
4,164.5,1
5,164.5,1
6,164.5,0.869588
7,164.5,1
8,164.5,0.964625
9,164.5,1
10,164.5,0.964625
11,164.5,1
12,164.5,0.0569919
13,164.5,1
14,164.5,0.0569919
15,164.5,0.964625
16,164.5,1
17,164.5,0.0569919
18,164.5,0.964625
19,164.5,1
20,164.5,1
21,164.5,1
1,165.5,0.9591
2,165.5,1
3,165.5,0.876218
4,165.5,1
5,165.5,1
6,165.5,0.876218
7,165.5,1
8,165.5,0.9591
9,165.5,1
10,165.5,0.9591
11,165.5,1
12,165.5,0.0594968
13,165.5,1
14,165.5,0.0594968
15,165.5,0.9591
16,165.5,1
17,165.5,0.0594968
18,165.5,0.9591
19,165.5,1
20,165.5,1
21,165.5,1
1,166.5,0.953201
2,166.5,1
3,166.5,0.882556
4,166.5,1
5,166.5,1
6,166.5,0.882556
7,166.5,1
8,166.5,0.953201
9,166.5,1
10,166.5,0.953201
11,166.5,1
12,166.5,0.0621045
13,166.5,1
14,166.5,0.0621045
15,166.5,0.953201
16,166.5,1
17,166.5,0.0621045
18,166.5,0.953201
19,166.5,1
20,166.5,1
21,166.5,1
1,167.5,0.946937
2,167.5,1
3,167.5,0.888611
4,167.5,1
5,167.5,1
6,167.5,0.888611
7,167.5,1
8,167.5,0.946937
9,167.5,1
10,167.5,0.946937
11,167.5,1
12,167.5,0.0648187
13,167.5,1
14,167.5,0.0648187
15,167.5,0.946937
16,167.5,1
17,167.5,0.0648187
18,167.5,0.946937
19,167.5,1
20,167.5,1
21,167.5,1
1,168.5,0.940315
2,168.5,1
3,168.5,0.894391
4,168.5,1
5,168.5,1
6,168.5,0.894391
7,168.5,1
8,168.5,0.940315
9,168.5,1
10,168.5,0.940315
11,168.5,1
12,168.5,0.0676429
13,168.5,1
14,168.5,0.0676429
15,168.5,0.940315
16,168.5,1
17,168.5,0.0676429
18,168.5,0.940315
19,168.5,1
20,168.5,1
21,168.5,1
1,169.5,0.933343
2,169.5,1
3,169.5,0.899905
4,169.5,1
5,169.5,1
6,169.5,0.899905
7,169.5,1
8,169.5,0.933343
9,169.5,1
10,169.5,0.933343
11,169.5,1
12,169.5,0.0705809
13,169.5,1
14,169.5,0.0705809
15,169.5,0.933343
16,169.5,1
17,169.5,0.0705809
18,169.5,0.933343
19,169.5,1
20,169.5,1
21,169.5,1
1,170.5,0.92603
2,170.5,1
3,170.5,0.905161
4,170.5,1
5,170.5,1
6,170.5,0.905161
7,170.5,1
8,170.5,0.92603
9,170.5,1
10,170.5,0.92603
11,170.5,1
12,170.5,0.0736364
13,170.5,1
14,170.5,0.0736364
15,170.5,0.92603
16,170.5,1
17,170.5,0.0736364
18,170.5,0.92603
19,170.5,1
20,170.5,1
21,170.5,1
1,171.5,0.918384
2,171.5,1
3,171.5,0.910169
4,171.5,1
5,171.5,1
6,171.5,0.910169
7,171.5,1
8,171.5,0.918384
9,171.5,1
10,171.5,0.918384
11,171.5,1
12,171.5,0.0768132
13,171.5,1
14,171.5,0.0768132
15,171.5,0.918384
16,171.5,1
17,171.5,0.0768132
18,171.5,0.918384
19,171.5,1
20,171.5,1
21,171.5,1
1,172.5,0.910416
2,172.5,1
3,172.5,0.914938
4,172.5,1
5,172.5,1
6,172.5,0.914938
7,172.5,1
8,172.5,0.910416
9,172.5,1
10,172.5,0.910416
11,172.5,1
12,172.5,0.0801153
13,172.5,1
14,172.5,0.0801153
15,172.5,0.910416
16,172.5,1
17,172.5,0.0801153
18,172.5,0.910416
19,172.5,1
20,172.5,1
21,172.5,1
1,173.5,0.902135
2,173.5,1
3,173.5,0.919476
4,173.5,1
5,173.5,1
6,173.5,0.919476
7,173.5,1
8,173.5,0.902135
9,173.5,1
10,173.5,0.902135
11,173.5,1
12,173.5,0.0835465
13,173.5,1
14,173.5,0.0835465
15,173.5,0.902135
16,173.5,1
17,173.5,0.0835465
18,173.5,0.902135
19,173.5,1
20,173.5,1
21,173.5,1
1,174.5,0.89355
2,174.5,1
3,174.5,0.923791
4,174.5,0.999999
5,174.5,1
6,174.5,0.923791
7,174.5,1
8,174.5,0.89355
9,174.5,1
10,174.5,0.89355
11,174.5,1
12,174.5,0.0871107
13,174.5,1
14,174.5,0.0871107
15,174.5,0.89355
16,174.5,1
17,174.5,0.0871107
18,174.5,0.89355
19,174.5,1
20,174.5,1
21,174.5,1
1,175.5,0.884673
2,175.5,1
3,175.5,0.927894
4,175.5,0.999764
5,175.5,1
6,175.5,0.927894
7,175.5,1
8,175.5,0.884673
9,175.5,1
10,175.5,0.884673
11,175.5,1
12,175.5,0.0908119
13,175.5,1
14,175.5,0.0908119
15,175.5,0.884673
16,175.5,1
17,175.5,0.0908119
18,175.5,0.884673
19,175.5,1
20,175.5,1
21,175.5,1
1,176.5,0.875513
2,176.5,1
3,176.5,0.931792
4,176.5,0.998809
5,176.5,1
6,176.5,0.931792
7,176.5,1
8,176.5,0.875513
9,176.5,1
10,176.5,0.875513
11,176.5,1
12,176.5,0.094654
13,176.5,1
14,176.5,0.094654
15,176.5,0.875513
16,176.5,1
17,176.5,0.094654
18,176.5,0.875513
19,176.5,1
20,176.5,1
21,176.5,1
1,177.5,0.866082
2,177.5,1
3,177.5,0.935494
4,177.5,0.997121
5,177.5,1
6,177.5,0.935494
7,177.5,1
8,177.5,0.866082
9,177.5,1
10,177.5,0.866082
11,177.5,1
12,177.5,0.0986411
13,177.5,1
14,177.5,0.0986411
15,177.5,0.866082
16,177.5,1
17,177.5,0.0986411
18,177.5,0.866082
19,177.5,1
20,177.5,1
21,177.5,1
1,178.5,0.856389
2,178.5,1
3,178.5,0.939008
4,178.5,0.994705
5,178.5,1
6,178.5,0.939008
7,178.5,1
8,178.5,0.856389
9,178.5,1
10,178.5,0.856389
11,178.5,1
12,178.5,0.102777
13,178.5,1
14,178.5,0.102777
15,178.5,0.856389
16,178.5,1
17,178.5,0.102777
18,178.5,0.856389
19,178.5,1
20,178.5,1
21,178.5,1
1,179.5,0.846448
2,179.5,1
3,179.5,0.942343
4,179.5,0.991566
5,179.5,1
6,179.5,0.942343
7,179.5,1
8,179.5,0.846448
9,179.5,1
10,179.5,0.846448
11,179.5,1
12,179.5,0.107066
13,179.5,1
14,179.5,0.107066
15,179.5,0.846448
16,179.5,1
17,179.5,0.107066
18,179.5,0.846448
19,179.5,1
20,179.5,1
21,179.5,1
1,180.5,0.836269
2,180.5,1
3,180.5,0.945506
4,180.5,0.987711
5,180.5,1
6,180.5,0.945506
7,180.5,1
8,180.5,0.836269
9,180.5,1
10,180.5,0.836269
11,180.5,1
12,180.5,0.111511
13,180.5,1
14,180.5,0.111511
15,180.5,0.836269
16,180.5,1
17,180.5,0.111511
18,180.5,0.836269
19,180.5,1
20,180.5,1
21,180.5,1
1,181.5,0.825863
2,181.5,1
3,181.5,0.948505
4,181.5,0.983148
5,181.5,1
6,181.5,0.948505
7,181.5,1
8,181.5,0.825863
9,181.5,1
10,181.5,0.825863
11,181.5,1
12,181.5,0.116117
13,181.5,1
14,181.5,0.116117
15,181.5,0.825863
16,181.5,1
17,181.5,0.116117
18,181.5,0.825863
19,181.5,1
20,181.5,1
21,181.5,1
1,182.5,0.815243
2,182.5,1
3,182.5,0.951347
4,182.5,0.977886
5,182.5,1
6,182.5,0.951347
7,182.5,1
8,182.5,0.815243
9,182.5,1
10,182.5,0.815243
11,182.5,1
12,182.5,0.120888
13,182.5,1
14,182.5,0.120888
15,182.5,0.815243
16,182.5,1
17,182.5,0.120888
18,182.5,0.815243
19,182.5,1
20,182.5,1
21,182.5,1
1,183.5,0.80442
2,183.5,1
3,183.5,0.95404
4,183.5,0.971939
5,183.5,1
6,183.5,0.95404
7,183.5,1
8,183.5,0.80442
9,183.5,1
10,183.5,0.80442
11,183.5,1
12,183.5,0.125826
13,183.5,1
14,183.5,0.125826
15,183.5,0.80442
16,183.5,1
17,183.5,0.125826
18,183.5,0.80442
19,183.5,1
20,183.5,1
21,183.5,1
1,184.5,0.793406
2,184.5,1
3,184.5,0.956591
4,184.5,0.965318
5,184.5,1
6,184.5,0.956591
7,184.5,1
8,184.5,0.793406
9,184.5,1
10,184.5,0.793406
11,184.5,1
12,184.5,0.130936
13,184.5,1
14,184.5,0.130936
15,184.5,0.793406
16,184.5,1
17,184.5,0.130936
18,184.5,0.793406
19,184.5,1
20,184.5,1
21,184.5,1
1,185.5,0.782213
2,185.5,1
3,185.5,0.959006
4,185.5,0.958037
5,185.5,1
6,185.5,0.959006
7,185.5,1
8,185.5,0.782213
9,185.5,1
10,185.5,0.782213
11,185.5,1
12,185.5,0.136222
13,185.5,1
14,185.5,0.136222
15,185.5,0.782213
16,185.5,1
17,185.5,0.136222
18,185.5,0.782213
19,185.5,1
20,185.5,1
21,185.5,1
1,186.5,0.770854
2,186.5,1
3,186.5,0.961292
4,186.5,0.950113
5,186.5,1
6,186.5,0.961292
7,186.5,1
8,186.5,0.770854
9,186.5,1
10,186.5,0.770854
11,186.5,1
12,186.5,0.141686
13,186.5,1
14,186.5,0.141686
15,186.5,0.770854
16,186.5,1
17,186.5,0.141686
18,186.5,0.770854
19,186.5,1
20,186.5,1
21,186.5,1
1,187.5,0.759341
2,187.5,1
3,187.5,0.963456
4,187.5,0.941562
5,187.5,1
6,187.5,0.963456
7,187.5,1
8,187.5,0.759341
9,187.5,1
10,187.5,0.759341
11,187.5,1
12,187.5,0.147332
13,187.5,1
14,187.5,0.147332
15,187.5,0.759341
16,187.5,1
17,187.5,0.147332
18,187.5,0.759341
19,187.5,1
20,187.5,1
21,187.5,1
1,188.5,0.747685
2,188.5,1
3,188.5,0.965503
4,188.5,0.932403
5,188.5,1
6,188.5,0.965503
7,188.5,1
8,188.5,0.747685
9,188.5,1
10,188.5,0.747685
11,188.5,1
12,188.5,0.153162
13,188.5,1
14,188.5,0.153162
15,188.5,0.747685
16,188.5,1
17,188.5,0.153162
18,188.5,0.747685
19,188.5,1
20,188.5,1
21,188.5,1
1,189.5,0.735899
2,189.5,1
3,189.5,0.967439
4,189.5,0.922653
5,189.5,1
6,189.5,0.967439
7,189.5,1
8,189.5,0.735899
9,189.5,1
10,189.5,0.735899
11,189.5,1
12,189.5,0.159181
13,189.5,1
14,189.5,0.159181
15,189.5,0.735899
16,189.5,1
17,189.5,0.159181
18,189.5,0.735899
19,189.5,1
20,189.5,1
21,189.5,1
1,190.5,0.723995
2,190.5,1
3,190.5,0.96927
4,190.5,0.912335
5,190.5,1
6,190.5,0.96927
7,190.5,1
8,190.5,0.723995
9,190.5,1
10,190.5,0.723995
11,190.5,1
12,190.5,0.165389
13,190.5,1
14,190.5,0.165389
15,190.5,0.723995
16,190.5,1
17,190.5,0.165389
18,190.5,0.723995
19,190.5,1
20,190.5,1
21,190.5,1
1,191.5,0.711986
2,191.5,1
3,191.5,0.971001
4,191.5,0.90147
5,191.5,1
6,191.5,0.971001
7,191.5,1
8,191.5,0.711986
9,191.5,1
10,191.5,0.711986
11,191.5,1
12,191.5,0.17179
13,191.5,1
14,191.5,0.17179
15,191.5,0.711986
16,191.5,1
17,191.5,0.17179
18,191.5,0.711986
19,191.5,1
20,191.5,1
21,191.5,1
1,192.5,0.699882
2,192.5,1
3,192.5,0.972638
4,192.5,0.890079
5,192.5,1
6,192.5,0.972638
7,192.5,1
8,192.5,0.699882
9,192.5,1
10,192.5,0.699882
11,192.5,1
12,192.5,0.178386
13,192.5,1
14,192.5,0.178386
15,192.5,0.699882
16,192.5,1
17,192.5,0.178386
18,192.5,0.699882
19,192.5,1
20,192.5,1
21,192.5,1
1,193.5,0.687697
2,193.5,1
3,193.5,0.974184
4,193.5,0.878186
5,193.5,1
6,193.5,0.974184
7,193.5,1
8,193.5,0.687697
9,193.5,1
10,193.5,0.687697
11,193.5,1
12,193.5,0.185179
13,193.5,1
14,193.5,0.185179
15,193.5,0.687697
16,193.5,1
17,193.5,0.185179
18,193.5,0.687697
19,193.5,1
20,193.5,1
21,193.5,1
1,194.5,0.675441
2,194.5,1
3,194.5,0.975646
4,194.5,0.865816
5,194.5,1
6,194.5,0.975646
7,194.5,1
8,194.5,0.675441
9,194.5,1
10,194.5,0.675441
11,194.5,1
12,194.5,0.19217
13,194.5,0.999998
14,194.5,0.19217
15,194.5,0.675441
16,194.5,1
17,194.5,0.19217
18,194.5,0.675441
19,194.5,1
20,194.5,1
21,194.5,0.999998
1,195.5,0.663127
2,195.5,1
3,195.5,0.977026
4,195.5,0.852992
5,195.5,1
6,195.5,0.977026
7,195.5,1
8,195.5,0.663127
9,195.5,1
10,195.5,0.663127
11,195.5,1
12,195.5,0.19936
13,195.5,0.999758
14,195.5,0.19936
15,195.5,0.663127
16,195.5,1
17,195.5,0.19936
18,195.5,0.663127
19,195.5,1
20,195.5,1
21,195.5,0.999758
1,196.5,0.650766
2,196.5,1
3,196.5,0.97833
4,196.5,0.83974
5,196.5,1
6,196.5,0.97833
7,196.5,1
8,196.5,0.650766
9,196.5,1
10,196.5,0.650766
11,196.5,1
12,196.5,0.20675
13,196.5,0.999121
14,196.5,0.20675
15,196.5,0.650766
16,196.5,1
17,196.5,0.20675
18,196.5,0.650766
19,196.5,1
20,196.5,1
21,196.5,0.999121
1,197.5,0.63837
2,197.5,1
3,197.5,0.979562
4,197.5,0.826086
5,197.5,1
6,197.5,0.979562
7,197.5,1
8,197.5,0.63837
9,197.5,1
10,197.5,0.63837
11,197.5,1
12,197.5,0.214341
13,197.5,0.998088
14,197.5,0.214341
15,197.5,0.63837
16,197.5,1
17,197.5,0.214341
18,197.5,0.63837
19,197.5,1
20,197.5,1
21,197.5,0.998088
1,198.5,0.62595
2,198.5,1
3,198.5,0.980725
4,198.5,0.812057
5,198.5,1
6,198.5,0.980725
7,198.5,1
8,198.5,0.62595
9,198.5,1
10,198.5,0.62595
11,198.5,1
12,198.5,0.222133
13,198.5,0.99666
14,198.5,0.222133
15,198.5,0.62595
16,198.5,1
17,198.5,0.222133
18,198.5,0.62595
19,198.5,1
20,198.5,1
21,198.5,0.99666
1,199.5,0.613516
2,199.5,1
3,199.5,0.981823
4,199.5,0.797679
5,199.5,1
6,199.5,0.981823
7,199.5,1
8,199.5,0.613516
9,199.5,1
10,199.5,0.613516
11,199.5,1
12,199.5,0.230125
13,199.5,0.994838
14,199.5,0.230125
15,199.5,0.613516
16,199.5,1
17,199.5,0.230125
18,199.5,0.613516
19,199.5,1
20,199.5,1
21,199.5,0.994838
1,200.5,0.60108
2,200.5,1
3,200.5,0.982859
4,200.5,0.78298
5,200.5,1
6,200.5,0.982859
7,200.5,1
8,200.5,0.60108
9,200.5,1
10,200.5,0.60108
11,200.5,1
12,200.5,0.238316
13,200.5,0.992625
14,200.5,0.238316
15,200.5,0.60108
16,200.5,1
17,200.5,0.238316
18,200.5,0.60108
19,200.5,1
20,200.5,1
21,200.5,0.992625
1,201.5,0.588653
2,201.5,1
3,201.5,0.983838
4,201.5,0.767986
5,201.5,1
6,201.5,0.983838
7,201.5,1
8,201.5,0.588653
9,201.5,1
10,201.5,0.588653
11,201.5,1
12,201.5,0.246706
13,201.5,0.990023
14,201.5,0.246706
15,201.5,0.588653
16,201.5,1
17,201.5,0.246706
18,201.5,0.588653
19,201.5,1
20,201.5,1
21,201.5,0.990023
1,202.5,0.576244
2,202.5,1
3,202.5,0.984761
4,202.5,0.752726
5,202.5,1
6,202.5,0.984761
7,202.5,1
8,202.5,0.576244
9,202.5,1
10,202.5,0.576244
11,202.5,1
12,202.5,0.255291
13,202.5,0.987034
14,202.5,0.255291
15,202.5,0.576244
16,202.5,1
17,202.5,0.255291
18,202.5,0.576244
19,202.5,1
20,202.5,1
21,202.5,0.987034
1,203.5,0.563864
2,203.5,1
3,203.5,0.985632
4,203.5,0.737226
5,203.5,1
6,203.5,0.985632
7,203.5,1
8,203.5,0.563864
9,203.5,1
10,203.5,0.563864
11,203.5,1
12,203.5,0.264071
13,203.5,0.983663
14,203.5,0.264071
15,203.5,0.563864
16,203.5,1
17,203.5,0.264071
18,203.5,0.563864
19,203.5,1
20,203.5,1
21,203.5,0.983663
1,204.5,0.551523
2,204.5,1
3,204.5,0.986455
4,204.5,0.721514
5,204.5,1
6,204.5,0.986455
7,204.5,1
8,204.5,0.551523
9,204.5,1
10,204.5,0.551523
11,204.5,1
12,204.5,0.273042
13,204.5,0.979912
14,204.5,0.273042
15,204.5,0.551523
16,204.5,1
17,204.5,0.273042
18,204.5,0.551523
19,204.5,1
20,204.5,1
21,204.5,0.979912
1,205.5,0.539231
2,205.5,1
3,205.5,0.987231
4,205.5,0.705617
5,205.5,1
6,205.5,0.987231
7,205.5,1
8,205.5,0.539231
9,205.5,1
10,205.5,0.539231
11,205.5,1
12,205.5,0.282201
13,205.5,0.975786
14,205.5,0.282201
15,205.5,0.539231
16,205.5,1
17,205.5,0.282201
18,205.5,0.539231
19,205.5,1
20,205.5,1
21,205.5,0.975786
1,206.5,0.526996
2,206.5,1
3,206.5,0.987962
4,206.5,0.689563
5,206.5,1
6,206.5,0.987962
7,206.5,1
8,206.5,0.526996
9,206.5,1
10,206.5,0.526996
11,206.5,1
12,206.5,0.291544
13,206.5,0.971288
14,206.5,0.291544
15,206.5,0.526996
16,206.5,1
17,206.5,0.291544
18,206.5,0.526996
19,206.5,1
20,206.5,1
21,206.5,0.971288
1,207.5,0.514828
2,207.5,1
3,207.5,0.988653
4,207.5,0.673378
5,207.5,1
6,207.5,0.988653
7,207.5,1
8,207.5,0.514828
9,207.5,1
10,207.5,0.514828
11,207.5,1
12,207.5,0.301067
13,207.5,0.966425
14,207.5,0.301067
15,207.5,0.514828
16,207.5,1
17,207.5,0.301067
18,207.5,0.514828
19,207.5,1
20,207.5,1
21,207.5,0.966425
1,208.5,0.502736
2,208.5,1
3,208.5,0.989304
4,208.5,0.657089
5,208.5,1
6,208.5,0.989304
7,208.5,1
8,208.5,0.502736
9,208.5,1
10,208.5,0.502736
11,208.5,1
12,208.5,0.310764
13,208.5,0.9612
14,208.5,0.310764
15,208.5,0.502736
16,208.5,1
17,208.5,0.310764
18,208.5,0.502736
19,208.5,1
20,208.5,1
21,208.5,0.9612
1,209.5,0.490727
2,209.5,1
3,209.5,0.989918
4,209.5,0.640722
5,209.5,1
6,209.5,0.989918
7,209.5,1
8,209.5,0.490727
9,209.5,1
10,209.5,0.490727
11,209.5,1
12,209.5,0.320631
13,209.5,0.95562
14,209.5,0.320631
15,209.5,0.490727
16,209.5,1
17,209.5,0.320631
18,209.5,0.490727
19,209.5,1
20,209.5,1
21,209.5,0.95562
1,210.5,0.478811
2,210.5,1
3,210.5,0.990498
4,210.5,0.624303
5,210.5,1
6,210.5,0.990498
7,210.5,1
8,210.5,0.478811
9,210.5,1
10,210.5,0.478811
11,210.5,0.99999
12,210.5,0.33066
13,210.5,0.949691
14,210.5,0.33066
15,210.5,0.478811
16,210.5,0.99999
17,210.5,0.33066
18,210.5,0.478811
19,210.5,0.99999
20,210.5,1
21,210.5,0.949691
1,211.5,0.466995
2,211.5,1
3,211.5,0.991044
4,211.5,0.607856
5,211.5,1
6,211.5,0.991044
7,211.5,1
8,211.5,0.466995
9,211.5,1
10,211.5,0.466995
11,211.5,0.999794
12,211.5,0.340845
13,211.5,0.943419
14,211.5,0.340845
15,211.5,0.466995
16,211.5,0.999794
17,211.5,0.340845
18,211.5,0.466995
19,211.5,0.999794
20,211.5,1
21,211.5,0.943419
1,212.5,0.455287
2,212.5,1
3,212.5,0.991559
4,212.5,0.591407
5,212.5,1
6,212.5,0.991559
7,212.5,1
8,212.5,0.455287
9,212.5,1
10,212.5,0.455287
11,212.5,0.999349
12,212.5,0.35118
13,212.5,0.936809
14,212.5,0.35118
15,212.5,0.455287
16,212.5,0.999349
17,212.5,0.35118
18,212.5,0.455287
19,212.5,0.999349
20,212.5,1
21,212.5,0.936809
1,213.5,0.443693
2,213.5,1
3,213.5,0.992045
4,213.5,0.574979
5,213.5,1
6,213.5,0.992045
7,213.5,1
8,213.5,0.443693
9,213.5,1
10,213.5,0.443693
11,213.5,0.998654
12,213.5,0.361656
13,213.5,0.92987
14,213.5,0.361656
15,213.5,0.443693
16,213.5,0.998654
17,213.5,0.361656
18,213.5,0.443693
19,213.5,0.998654
20,213.5,1
21,213.5,0.92987
1,214.5,0.43222
2,214.5,1
3,214.5,0.992503
4,214.5,0.558595
5,214.5,1
6,214.5,0.992503
7,214.5,1
8,214.5,0.43222
9,214.5,1
10,214.5,0.43222
11,214.5,0.997711
12,214.5,0.372266
13,214.5,0.922609
14,214.5,0.372266
15,214.5,0.43222
16,214.5,0.997711
17,214.5,0.372266
18,214.5,0.43222
19,214.5,0.997711
20,214.5,1
21,214.5,0.922609
1,215.5,0.420876
2,215.5,1
3,215.5,0.992935
4,215.5,0.542279
5,215.5,1
6,215.5,0.992935
7,215.5,1
8,215.5,0.420876
9,215.5,1
10,215.5,0.420876
11,215.5,0.996519
12,215.5,0.382999
13,215.5,0.915033
14,215.5,0.382999
15,215.5,0.420876
16,215.5,0.996519
17,215.5,0.382999
18,215.5,0.420876
19,215.5,0.996519
20,215.5,1
21,215.5,0.915033
1,216.5,0.409666
2,216.5,1
3,216.5,0.993342
4,216.5,0.52605
5,216.5,1
6,216.5,0.993342
7,216.5,1
8,216.5,0.409666
9,216.5,1
10,216.5,0.409666
11,216.5,0.995079
12,216.5,0.393848
13,216.5,0.907149
14,216.5,0.393848
15,216.5,0.409666
16,216.5,0.995079
17,216.5,0.393848
18,216.5,0.409666
19,216.5,0.995079
20,216.5,1
21,216.5,0.907149
1,217.5,0.398596
2,217.5,0.999671
3,217.5,0.993726
4,217.5,0.509932
5,217.5,0.999671
6,217.5,0.993726
7,217.5,0.999671
8,217.5,0.398596
9,217.5,0.999671
10,217.5,0.398596
11,217.5,0.993391
12,217.5,0.404803
13,217.5,0.898967
14,217.5,0.404803
15,217.5,0.398596
16,217.5,0.993391
17,217.5,0.404803
18,217.5,0.398596
19,217.5,0.993391
20,217.5,0.999671
21,217.5,0.898967
1,218.5,0.387672
2,218.5,0.994635
3,218.5,0.994088
4,218.5,0.493942
5,218.5,0.994635
6,218.5,0.994088
7,218.5,0.994635
8,218.5,0.387672
9,218.5,0.994635
10,218.5,0.387672
11,218.5,0.991456
12,218.5,0.415854
13,218.5,0.890494
14,218.5,0.415854
15,218.5,0.387672
16,218.5,0.991456
17,218.5,0.415854
18,218.5,0.387672
19,218.5,0.991456
20,218.5,0.994635
21,218.5,0.890494
1,219.5,0.376898
2,219.5,0.983648
3,219.5,0.994429
4,219.5,0.478101
5,219.5,0.983648
6,219.5,0.994429
7,219.5,0.983648
8,219.5,0.376898
9,219.5,0.983648
10,219.5,0.376898
11,219.5,0.989273
12,219.5,0.42699
13,219.5,0.881738
14,219.5,0.42699
15,219.5,0.376898
16,219.5,0.989273
17,219.5,0.42699
18,219.5,0.376898
19,219.5,0.989273
20,219.5,0.983648
21,219.5,0.881738
1,220.5,0.366279
2,220.5,0.966961
3,220.5,0.994751
4,220.5,0.462426
5,220.5,0.966961
6,220.5,0.994751
7,220.5,0.966961
8,220.5,0.366279
9,220.5,0.966961
10,220.5,0.366279
11,220.5,0.986845
12,220.5,0.4382
13,220.5,0.87271
14,220.5,0.4382
15,220.5,0.366279
16,220.5,0.986845
17,220.5,0.4382
18,220.5,0.366279
19,220.5,0.986845
20,220.5,0.966961
21,220.5,0.87271
1,221.5,0.355821
2,221.5,0.944952
3,221.5,0.995054
4,221.5,0.446934
5,221.5,0.944952
6,221.5,0.995054
7,221.5,0.944952
8,221.5,0.355821
9,221.5,0.944952
10,221.5,0.355821
11,221.5,0.98417
12,221.5,0.449474
13,221.5,0.863417
14,221.5,0.449474
15,221.5,0.355821
16,221.5,0.98417
17,221.5,0.449474
18,221.5,0.355821
19,221.5,0.98417
20,221.5,0.944952
21,221.5,0.863417
1,222.5,0.345527
2,222.5,0.918112
3,222.5,0.995339
4,222.5,0.431643
5,222.5,0.918112
6,222.5,0.995339
7,222.5,0.918112
8,222.5,0.345527
9,222.5,0.918112
10,222.5,0.345527
11,222.5,0.981251
12,222.5,0.460799
13,222.5,0.853869
14,222.5,0.460799
15,222.5,0.345527
16,222.5,0.981251
17,222.5,0.460799
18,222.5,0.345527
19,222.5,0.981251
20,222.5,0.918112
21,222.5,0.853869
1,223.5,0.335401
2,223.5,0.887026
3,223.5,0.995608
4,223.5,0.416567
5,223.5,0.887026
6,223.5,0.995608
7,223.5,0.887026
8,223.5,0.335401
9,223.5,0.887026
10,223.5,0.335401
11,223.5,0.978088
12,223.5,0.472166
13,223.5,0.844076
14,223.5,0.472166
15,223.5,0.335401
16,223.5,0.978088
17,223.5,0.472166
18,223.5,0.335401
19,223.5,0.978088
20,223.5,0.887026
21,223.5,0.844076
1,224.5,0.325446
2,224.5,0.852352
3,224.5,0.995862
4,224.5,0.40172
5,224.5,0.852352
6,224.5,0.995862
7,224.5,0.852352
8,224.5,0.325446
9,224.5,0.852352
10,224.5,0.325446
11,224.5,0.974682
12,224.5,0.483561
13,224.5,0.834047
14,224.5,0.483561
15,224.5,0.325446
16,224.5,0.974682
17,224.5,0.483561
18,224.5,0.325446
19,224.5,0.974682
20,224.5,0.852352
21,224.5,0.834047
1,225.5,0.315666
2,225.5,0.814796
3,225.5,0.996101
4,225.5,0.387115
5,225.5,0.814796
6,225.5,0.996101
7,225.5,0.814796
8,225.5,0.315666
9,225.5,0.814796
10,225.5,0.315666
11,225.5,0.971034
12,225.5,0.494974
13,225.5,0.823791
14,225.5,0.494974
15,225.5,0.315666
16,225.5,0.971034
17,225.5,0.494974
18,225.5,0.315666
19,225.5,0.971034
20,225.5,0.814796
21,225.5,0.823791
1,226.5,0.306064
2,226.5,0.775091
3,226.5,0.996327
4,226.5,0.372766
5,226.5,0.775091
6,226.5,0.996327
7,226.5,0.775091
8,226.5,0.306064
9,226.5,0.775091
10,226.5,0.306064
11,226.5,0.967144
12,226.5,0.506392
13,226.5,0.81332
14,226.5,0.506392
15,226.5,0.306064
16,226.5,0.967144
17,226.5,0.506392
18,226.5,0.306064
19,226.5,0.967144
20,226.5,0.775091
21,226.5,0.81332
1,227.5,0.296641
2,227.5,0.733974
3,227.5,0.996539
4,227.5,0.358682
5,227.5,0.733974
6,227.5,0.996539
7,227.5,0.733974
8,227.5,0.296641
9,227.5,0.733974
10,227.5,0.296641
11,227.5,0.963014
12,227.5,0.517803
13,227.5,0.802642
14,227.5,0.517803
15,227.5,0.296641
16,227.5,0.963014
17,227.5,0.517803
18,227.5,0.296641
19,227.5,0.963014
20,227.5,0.733974
21,227.5,0.802642
1,228.5,0.287401
2,228.5,0.692159
3,228.5,0.996739
4,228.5,0.344875
5,228.5,0.692159
6,228.5,0.996739
7,228.5,0.692159
8,228.5,0.287401
9,228.5,0.692159
10,228.5,0.287401
11,228.5,0.958646
12,228.5,0.529195
13,228.5,0.791767
14,228.5,0.529195
15,228.5,0.287401
16,228.5,0.958646
17,228.5,0.529195
18,228.5,0.287401
19,228.5,0.958646
20,228.5,0.692159
21,228.5,0.791767
1,229.5,0.278344
2,229.5,0.650322
3,229.5,0.996928
4,229.5,0.331354
5,229.5,0.650322
6,229.5,0.996928
7,229.5,0.650322
8,229.5,0.278344
9,229.5,0.650322
10,229.5,0.278344
11,229.5,0.954039
12,229.5,0.540557
13,229.5,0.780707
14,229.5,0.540557
15,229.5,0.278344
16,229.5,0.954039
17,229.5,0.540557
18,229.5,0.278344
19,229.5,0.954039
20,229.5,0.650322
21,229.5,0.780707
1,230.5,0.269474
2,230.5,0.609085
3,230.5,0.997106
4,230.5,0.318126
5,230.5,0.609085
6,230.5,0.997106
7,230.5,0.609085
8,230.5,0.269474
9,230.5,0.609085
10,230.5,0.269474
11,230.5,0.949196
12,230.5,0.551878
13,230.5,0.769472
14,230.5,0.551878
15,230.5,0.269474
16,230.5,0.949196
17,230.5,0.551878
18,230.5,0.269474
19,230.5,0.949196
20,230.5,0.609085
21,230.5,0.769472
1,231.5,0.26079
2,231.5,0.568997
3,231.5,0.997273
4,231.5,0.3052
5,231.5,0.568997
6,231.5,0.997273
7,231.5,0.568997
8,231.5,0.26079
9,231.5,0.568997
10,231.5,0.26079
11,231.5,0.944118
12,231.5,0.563144
13,231.5,0.758071
14,231.5,0.563144
15,231.5,0.26079
16,231.5,0.944118
17,231.5,0.563144
18,231.5,0.26079
19,231.5,0.944118
20,231.5,0.568997
21,231.5,0.758071
1,232.5,0.252295
2,232.5,0.530529
3,232.5,0.997431
4,232.5,0.292581
5,232.5,0.530529
6,232.5,0.997431
7,232.5,0.530529
8,232.5,0.252295
9,232.5,0.530529
10,232.5,0.252295
11,232.5,0.938806
12,232.5,0.574346
13,232.5,0.746515
14,232.5,0.574346
15,232.5,0.252295
16,232.5,0.938806
17,232.5,0.574346
18,232.5,0.252295
19,232.5,0.938806
20,232.5,0.530529
21,232.5,0.746515
1,233.5,0.243989
2,233.5,0.494068
3,233.5,0.99758
4,233.5,0.280276
5,233.5,0.494068
6,233.5,0.99758
7,233.5,0.494068
8,233.5,0.243989
9,233.5,0.494068
10,233.5,0.243989
11,233.5,0.933263
12,233.5,0.585472
13,233.5,0.734814
14,233.5,0.585472
15,233.5,0.243989
16,233.5,0.933263
17,233.5,0.585472
18,233.5,0.243989
19,233.5,0.933263
20,233.5,0.494068
21,233.5,0.734814
1,234.5,0.235872
2,234.5,0.459911
3,234.5,0.99772
4,234.5,0.268288
5,234.5,0.459911
6,234.5,0.99772
7,234.5,0.459911
8,234.5,0.235872
9,234.5,0.459911
10,234.5,0.235872
11,234.5,0.927488
12,234.5,0.596512
13,234.5,0.72298
14,234.5,0.596512
15,234.5,0.235872
16,234.5,0.927488
17,234.5,0.596512
18,234.5,0.235872
19,234.5,0.927488
20,234.5,0.459911
21,234.5,0.72298
1,235.5,0.227944
2,235.5,0.428274
3,235.5,0.997852
4,235.5,0.256621
5,235.5,0.428274
6,235.5,0.997852
7,235.5,0.428274
8,235.5,0.227944
9,235.5,0.428274
10,235.5,0.227944
11,235.5,0.921484
12,235.5,0.607455
13,235.5,0.711022
14,235.5,0.607455
15,235.5,0.227944
16,235.5,0.921484
17,235.5,0.607455
18,235.5,0.227944
19,235.5,0.921484
20,235.5,0.428274
21,235.5,0.711022
1,236.5,0.220207
2,236.5,0.399287
3,236.5,0.997976
4,236.5,0.245279
5,236.5,0.399287
6,236.5,0.997976
7,236.5,0.399287
8,236.5,0.220207
9,236.5,0.399287
10,236.5,0.220207
11,236.5,0.915253
12,236.5,0.618291
13,236.5,0.69895
14,236.5,0.618291
15,236.5,0.220207
16,236.5,0.915253
17,236.5,0.618291
18,236.5,0.220207
19,236.5,0.915253
20,236.5,0.399287
21,236.5,0.69895
1,237.5,0.212659
2,237.5,0.373008
3,237.5,0.998093
4,237.5,0.234263
5,237.5,0.373008
6,237.5,0.998093
7,237.5,0.373008
8,237.5,0.212659
9,237.5,0.373008
10,237.5,0.212659
11,237.5,0.908796
12,237.5,0.62901
13,237.5,0.686776
14,237.5,0.62901
15,237.5,0.212659
16,237.5,0.908796
17,237.5,0.62901
18,237.5,0.212659
19,237.5,0.908796
20,237.5,0.373008
21,237.5,0.686776
1,238.5,0.205299
2,238.5,0.349428
3,238.5,0.998204
4,238.5,0.223574
5,238.5,0.349428
6,238.5,0.998204
7,238.5,0.349428
8,238.5,0.205299
9,238.5,0.349428
10,238.5,0.205299
11,238.5,0.902115
12,238.5,0.639604
13,238.5,0.67451
14,238.5,0.639604
15,238.5,0.205299
16,238.5,0.902115
17,238.5,0.639604
18,238.5,0.205299
19,238.5,0.902115
20,238.5,0.349428
21,238.5,0.67451
1,239.5,0.198129
2,239.5,0.328482
3,239.5,0.998308
4,239.5,0.213213
5,239.5,0.328482
6,239.5,0.998308
7,239.5,0.328482
8,239.5,0.198129
9,239.5,0.328482
10,239.5,0.198129
11,239.5,0.895212
12,239.5,0.650063
13,239.5,0.662161
14,239.5,0.650063
15,239.5,0.198129
16,239.5,0.895212
17,239.5,0.650063
18,239.5,0.198129
19,239.5,0.895212
20,239.5,0.328482
21,239.5,0.662161
1,240.5,0.191145
2,240.5,0.310057
3,240.5,0.998406
4,240.5,0.20318
5,240.5,0.310057
6,240.5,0.998406
7,240.5,0.310057
8,240.5,0.191145
9,240.5,0.310057
10,240.5,0.191145
11,240.5,0.888088
12,240.5,0.660381
13,240.5,0.64974
14,240.5,0.660381
15,240.5,0.191145
16,240.5,0.888088
17,240.5,0.660381
18,240.5,0.191145
19,240.5,0.888088
20,240.5,0.310057
21,240.5,0.64974
1,241.5,0.184348
2,241.5,0.294007
3,241.5,0.998498
4,241.5,0.193474
5,241.5,0.294007
6,241.5,0.998498
7,241.5,0.294007
8,241.5,0.184348
9,241.5,0.294007
10,241.5,0.184348
11,241.5,0.880747
12,241.5,0.670548
13,241.5,0.637258
14,241.5,0.670548
15,241.5,0.184348
16,241.5,0.880747
17,241.5,0.670548
18,241.5,0.184348
19,241.5,0.880747
20,241.5,0.294007
21,241.5,0.637258
1,242.5,0.177736
2,242.5,0.280158
3,242.5,0.998585
4,242.5,0.184092
5,242.5,0.280158
6,242.5,0.998585
7,242.5,0.280158
8,242.5,0.177736
9,242.5,0.280158
10,242.5,0.177736
11,242.5,0.873189
12,242.5,0.680558
13,242.5,0.624723
14,242.5,0.680558
15,242.5,0.177736
16,242.5,0.873189
17,242.5,0.680558
18,242.5,0.177736
19,242.5,0.873189
20,242.5,0.280158
21,242.5,0.624723
1,243.5,0.171307
2,243.5,0.268319
3,243.5,0.998667
4,243.5,0.175034
5,243.5,0.268319
6,243.5,0.998667
7,243.5,0.268319
8,243.5,0.171307
9,243.5,0.268319
10,243.5,0.171307
11,243.5,0.865416
12,243.5,0.690404
13,243.5,0.612147
14,243.5,0.690404
15,243.5,0.171307
16,243.5,0.865416
17,243.5,0.690404
18,243.5,0.171307
19,243.5,0.865416
20,243.5,0.268319
21,243.5,0.612147
1,244.5,0.16506
2,244.5,0.258291
3,244.5,0.998744
4,244.5,0.166295
5,244.5,0.258291
6,244.5,0.998744
7,244.5,0.258291
8,244.5,0.16506
9,244.5,0.258291
10,244.5,0.16506
11,244.5,0.857432
12,244.5,0.700081
13,244.5,0.599538
14,244.5,0.700081
15,244.5,0.16506
16,244.5,0.857432
17,244.5,0.700081
18,244.5,0.16506
19,244.5,0.857432
20,244.5,0.258291
21,244.5,0.599538
1,245.5,0.158993
2,245.5,0.249876
3,245.5,0.998817
4,245.5,0.157873
5,245.5,0.249876
6,245.5,0.998817
7,245.5,0.249876
8,245.5,0.158993
9,245.5,0.249876
10,245.5,0.158993
11,245.5,0.849237
12,245.5,0.709582
13,245.5,0.586907
14,245.5,0.709582
15,245.5,0.158993
16,245.5,0.849237
17,245.5,0.709582
18,245.5,0.158993
19,245.5,0.849237
20,245.5,0.249876
21,245.5,0.586907
1,246.5,0.153104
2,246.5,0.242877
3,246.5,0.998886
4,246.5,0.149764
5,246.5,0.242877
6,246.5,0.998886
7,246.5,0.242877
8,246.5,0.153104
9,246.5,0.242877
10,246.5,0.153104
11,246.5,0.840835
12,246.5,0.718904
13,246.5,0.574262
14,246.5,0.718904
15,246.5,0.153104
16,246.5,0.840835
17,246.5,0.718904
18,246.5,0.153104
19,246.5,0.840835
20,246.5,0.242877
21,246.5,0.574262
1,247.5,0.147391
2,247.5,0.237107
3,247.5,0.99895
4,247.5,0.141963
5,247.5,0.237107
6,247.5,0.99895
7,247.5,0.237107
8,247.5,0.147391
9,247.5,0.237107
10,247.5,0.147391
11,247.5,0.832227
12,247.5,0.72804
13,247.5,0.561614
14,247.5,0.72804
15,247.5,0.147391
16,247.5,0.832227
17,247.5,0.72804
18,247.5,0.147391
19,247.5,0.832227
20,247.5,0.237107
21,247.5,0.561614
1,248.5,0.141852
2,248.5,0.232394
3,248.5,0.999011
4,248.5,0.134466
5,248.5,0.232394
6,248.5,0.999011
7,248.5,0.232394
8,248.5,0.141852
9,248.5,0.232394
10,248.5,0.141852
11,248.5,0.823416
12,248.5,0.736989
13,248.5,0.548972
14,248.5,0.736989
15,248.5,0.141852
16,248.5,0.823416
17,248.5,0.736989
18,248.5,0.141852
19,248.5,0.823416
20,248.5,0.232394
21,248.5,0.548972
1,249.5,0.136484
2,249.5,0.228576
3,249.5,0.999068
4,249.5,0.127268
5,249.5,0.228576
6,249.5,0.999068
7,249.5,0.228576
8,249.5,0.136484
9,249.5,0.228576
10,249.5,0.136484
11,249.5,0.814404
12,249.5,0.745746
13,249.5,0.536344
14,249.5,0.745746
15,249.5,0.136484
16,249.5,0.814404
17,249.5,0.745746
18,249.5,0.136484
19,249.5,0.814404
20,249.5,0.228576
21,249.5,0.536344
1,250.5,0.131285
2,250.5,0.225512
3,250.5,0.999122
4,250.5,0.120362
5,250.5,0.225512
6,250.5,0.999122
7,250.5,0.225512
8,250.5,0.131285
9,250.5,0.225512
10,250.5,0.131285
11,250.5,0.805194
12,250.5,0.754308
13,250.5,0.523739
14,250.5,0.754308
15,250.5,0.131285
16,250.5,0.805194
17,250.5,0.754308
18,250.5,0.131285
19,250.5,0.805194
20,250.5,0.225512
21,250.5,0.523739
1,251.5,0.126252
2,251.5,0.223073
3,251.5,0.999173
4,251.5,0.113743
5,251.5,0.223073
6,251.5,0.999173
7,251.5,0.223073
8,251.5,0.126252
9,251.5,0.223073
10,251.5,0.126252
11,251.5,0.795788
12,251.5,0.762674
13,251.5,0.511165
14,251.5,0.762674
15,251.5,0.126252
16,251.5,0.795788
17,251.5,0.762674
18,251.5,0.126252
19,251.5,0.795788
20,251.5,0.223073
21,251.5,0.511165
1,252.5,0.121382
2,252.5,0.221148
3,252.5,0.999221
4,252.5,0.107405
5,252.5,0.221148
6,252.5,0.999221
7,252.5,0.221148
8,252.5,0.121382
9,252.5,0.221148
10,252.5,0.121382
11,252.5,0.786188
12,252.5,0.770842
13,252.5,0.498632
14,252.5,0.770842
15,252.5,0.121382
16,252.5,0.786188
17,252.5,0.770842
18,252.5,0.121382
19,252.5,0.786188
20,252.5,0.221148
21,252.5,0.498632
1,253.5,0.116673
2,253.5,0.219643
3,253.5,0.999266
4,253.5,0.101341
5,253.5,0.219643
6,253.5,0.999266
7,253.5,0.219643
8,253.5,0.116673
9,253.5,0.219643
10,253.5,0.116673
11,253.5,0.776397
12,253.5,0.778809
13,253.5,0.486147
14,253.5,0.778809
15,253.5,0.116673
16,253.5,0.776397
17,253.5,0.778809
18,253.5,0.116673
19,253.5,0.776397
20,253.5,0.219643
21,253.5,0.486147
1,254.5,0.112121
2,254.5,0.218475
3,254.5,0.999309
4,254.5,0.0955455
5,254.5,0.218475
6,254.5,0.999309
7,254.5,0.218475
8,254.5,0.112121
9,254.5,0.218475
10,254.5,0.112121
11,254.5,0.766418
12,254.5,0.786577
13,254.5,0.473719
14,254.5,0.786577
15,254.5,0.112121
16,254.5,0.766418
17,254.5,0.786577
18,254.5,0.112121
19,254.5,0.766418
20,254.5,0.218475
21,254.5,0.473719
1,255.5,0.107724
2,255.5,0.217577
3,255.5,0.999349
4,255.5,0.0900103
5,255.5,0.217577
6,255.5,0.999349
7,255.5,0.217577
8,255.5,0.107724
9,255.5,0.217577
10,255.5,0.107724
11,255.5,0.756254
12,255.5,0.794144
13,255.5,0.461354
14,255.5,0.794144
15,255.5,0.107724
16,255.5,0.756254
17,255.5,0.794144
18,255.5,0.107724
19,255.5,0.756254
20,255.5,0.217577
21,255.5,0.461354
1,256.5,0.103479
2,256.5,0.216892
3,256.5,0.999387
4,256.5,0.084729
5,256.5,0.216892
6,256.5,0.999387
7,256.5,0.216892
8,256.5,0.103479
9,256.5,0.216892
10,256.5,0.103479
11,256.5,0.745906
12,256.5,0.80151
13,256.5,0.449061
14,256.5,0.80151
15,256.5,0.103479
16,256.5,0.745906
17,256.5,0.80151
18,256.5,0.103479
19,256.5,0.745906
20,256.5,0.216892
21,256.5,0.449061
1,257.5,0.0993827
2,257.5,0.216374
3,257.5,0.999422
4,257.5,0.0796943
5,257.5,0.216374
6,257.5,0.999422
7,257.5,0.216374
8,257.5,0.0993827
9,257.5,0.216374
10,257.5,0.0993827
11,257.5,0.735378
12,257.5,0.808677
13,257.5,0.436847
14,257.5,0.808677
15,257.5,0.0993827
16,257.5,0.735378
17,257.5,0.808677
18,257.5,0.0993827
19,257.5,0.735378
20,257.5,0.216374
21,257.5,0.436847
1,258.5,0.0954316
2,258.5,0.215986
3,258.5,0.999456
4,258.5,0.0748989
5,258.5,0.215986
6,258.5,0.999456
7,258.5,0.215986
8,258.5,0.0954316
9,258.5,0.215986
10,258.5,0.0954316
11,258.5,0.724672
12,258.5,0.815644
13,258.5,0.424718
14,258.5,0.815644
15,258.5,0.0954316
16,258.5,0.724672
17,258.5,0.815644
18,258.5,0.0954316
19,258.5,0.724672
20,258.5,0.215986
21,258.5,0.424718
1,259.5,0.0916228
2,259.5,0.215697
3,259.5,0.999487
4,259.5,0.0703354
5,259.5,0.215697
6,259.5,0.999487
7,259.5,0.215697
8,259.5,0.0916228
9,259.5,0.215697
10,259.5,0.0916228
11,259.5,0.713792
12,259.5,0.822413
13,259.5,0.412682
14,259.5,0.822413
15,259.5,0.0916228
16,259.5,0.713792
17,259.5,0.822413
18,259.5,0.0916228
19,259.5,0.713792
20,259.5,0.215697
21,259.5,0.412682
1,260.5,0.0879529
2,260.5,0.215484
3,260.5,0.999517
4,260.5,0.0659965
5,260.5,0.215484
6,260.5,0.999517
7,260.5,0.215484
8,260.5,0.0879529
9,260.5,0.215484
10,260.5,0.0879529
11,260.5,0.70274
12,260.5,0.828985
13,260.5,0.400744
14,260.5,0.828985
15,260.5,0.0879529
16,260.5,0.70274
17,260.5,0.828985
18,260.5,0.0879529
19,260.5,0.70274
20,260.5,0.215484
21,260.5,0.400744
1,261.5,0.0844188
2,261.5,0.215328
3,261.5,0.999545
4,261.5,0.0618746
5,261.5,0.215328
6,261.5,0.999545
7,261.5,0.215328
8,261.5,0.0844188
9,261.5,0.215328
10,261.5,0.0844188
11,261.5,0.691518
12,261.5,0.835364
13,261.5,0.388912
14,261.5,0.835364
15,261.5,0.0844188
16,261.5,0.691518
17,261.5,0.835364
18,261.5,0.0844188
19,261.5,0.691518
20,261.5,0.215328
21,261.5,0.388912
1,262.5,0.0810173
2,262.5,0.215215
3,262.5,0.999571
4,262.5,0.0579624
5,262.5,0.215215
6,262.5,0.999571
7,262.5,0.215215
8,262.5,0.0810173
9,262.5,0.215215
10,262.5,0.0810173
11,262.5,0.680131
12,262.5,0.841549
13,262.5,0.377191
14,262.5,0.841549
15,262.5,0.0810173
16,262.5,0.680131
17,262.5,0.841549
18,262.5,0.0810173
19,262.5,0.680131
20,262.5,0.215215
21,262.5,0.377191
1,263.5,0.0777449
2,263.5,0.215134
3,263.5,0.999596
4,263.5,0.0542523
5,263.5,0.215134
6,263.5,0.999596
7,263.5,0.215134
8,263.5,0.0777449
9,263.5,0.215134
10,263.5,0.0777449
11,263.5,0.66858
12,263.5,0.847545
13,263.5,0.365587
14,263.5,0.847545
15,263.5,0.0777449
16,263.5,0.66858
17,263.5,0.847545
18,263.5,0.0777449
19,263.5,0.66858
20,263.5,0.215134
21,263.5,0.365587
1,264.5,0.0745984
2,264.5,0.215076
3,264.5,0.99962
4,264.5,0.050737
5,264.5,0.215076
6,264.5,0.99962
7,264.5,0.215076
8,264.5,0.0745984
9,264.5,0.215076
10,264.5,0.0745984
11,264.5,0.656868
12,264.5,0.853353
13,264.5,0.354105
14,264.5,0.853353
15,264.5,0.0745984
16,264.5,0.656868
17,264.5,0.853353
18,264.5,0.0745984
19,264.5,0.656868
20,264.5,0.215076
21,264.5,0.354105
1,265.5,0.0715745
2,265.5,0.215035
3,265.5,0.999642
4,265.5,0.0474091
5,265.5,0.215035
6,265.5,0.999642
7,265.5,0.215035
8,265.5,0.0715745
9,265.5,0.215035
10,265.5,0.0715745
11,265.5,0.645
12,265.5,0.858977
13,265.5,0.34275
14,265.5,0.858977
15,265.5,0.0715745
16,265.5,0.645
17,265.5,0.858977
18,265.5,0.0715745
19,265.5,0.645
20,265.5,0.215035
21,265.5,0.34275
1,266.5,0.0686699
2,266.5,0.215006
3,266.5,0.999663
4,266.5,0.0442612
5,266.5,0.215006
6,266.5,0.999663
7,266.5,0.215006
8,266.5,0.0686699
9,266.5,0.215006
10,266.5,0.0686699
11,266.5,0.632977
12,266.5,0.86442
13,266.5,0.331528
14,266.5,0.86442
15,266.5,0.0686699
16,266.5,0.632977
17,266.5,0.86442
18,266.5,0.0686699
19,266.5,0.632977
20,266.5,0.215006
21,266.5,0.331528
1,267.5,0.0658813
2,267.5,0.214986
3,267.5,0.999682
4,267.5,0.0412863
5,267.5,0.214986
6,267.5,0.999682
7,267.5,0.214986
8,267.5,0.0658813
9,267.5,0.214986
10,267.5,0.0658813
11,267.5,0.620803
12,267.5,0.869684
13,267.5,0.320442
14,267.5,0.869684
15,267.5,0.0658813
16,267.5,0.620803
17,267.5,0.869684
18,267.5,0.0658813
19,267.5,0.620803
20,267.5,0.214986
21,267.5,0.320442
1,268.5,0.0632054
2,268.5,0.214972
3,268.5,0.999701
4,268.5,0.0384771
5,268.5,0.214972
6,268.5,0.999701
7,268.5,0.214972
8,268.5,0.0632054
9,268.5,0.214972
10,268.5,0.0632054
11,268.5,0.608481
12,268.5,0.874773
13,268.5,0.309499
14,268.5,0.874773
15,268.5,0.0632054
16,268.5,0.608481
17,268.5,0.874773
18,268.5,0.0632054
19,268.5,0.608481
20,268.5,0.214972
21,268.5,0.309499
1,269.5,0.060639
2,269.5,0.214963
3,269.5,0.999718
4,269.5,0.0358268
5,269.5,0.214963
6,269.5,0.999718
7,269.5,0.214963
8,269.5,0.060639
9,269.5,0.214963
10,269.5,0.060639
11,269.5,0.596014
12,269.5,0.879692
13,269.5,0.2987
14,269.5,0.879692
15,269.5,0.060639
16,269.5,0.596014
17,269.5,0.879692
18,269.5,0.060639
19,269.5,0.596014
20,269.5,0.214963
21,269.5,0.2987
1,270.5,0.0581788
2,270.5,0.214956
3,270.5,0.999734
4,270.5,0.0333284
5,270.5,0.214956
6,270.5,0.999734
7,270.5,0.214956
8,270.5,0.0581788
9,270.5,0.214956
10,270.5,0.0581788
11,270.5,0.583404
12,270.5,0.884442
13,270.5,0.288051
14,270.5,0.884442
15,270.5,0.0581788
16,270.5,0.583404
17,270.5,0.884442
18,270.5,0.0581788
19,270.5,0.583404
20,270.5,0.214956
21,270.5,0.288051
1,271.5,0.0558215
2,271.5,0.214952
3,271.5,0.99975
4,271.5,0.0309752
5,271.5,0.214952
6,271.5,0.99975
7,271.5,0.214952
8,271.5,0.0558215
9,271.5,0.214952
10,271.5,0.0558215
11,271.5,0.570656
12,271.5,0.889029
13,271.5,0.277555
14,271.5,0.889029
15,271.5,0.0558215
16,271.5,0.570656
17,271.5,0.889029
18,271.5,0.0558215
19,271.5,0.570656
20,271.5,0.214952
21,271.5,0.277555
1,272.5,0.0535641
2,272.5,0.214949
3,272.5,0.999764
4,272.5,0.0287606
5,272.5,0.214949
6,272.5,0.999764
7,272.5,0.214949
8,272.5,0.0535641
9,272.5,0.214949
10,272.5,0.0535641
11,272.5,0.557773
12,272.5,0.893455
13,272.5,0.267215
14,272.5,0.893455
15,272.5,0.0535641
16,272.5,0.557773
17,272.5,0.893455
18,272.5,0.0535641
19,272.5,0.557773
20,272.5,0.214949
21,272.5,0.267215
1,273.5,0.0514034
2,273.5,0.214947
3,273.5,0.999778
4,273.5,0.0266783
5,273.5,0.214947
6,273.5,0.999778
7,273.5,0.214947
8,273.5,0.0514034
9,273.5,0.214947
10,273.5,0.0514034
11,273.5,0.544757
12,273.5,0.897726
13,273.5,0.257034
14,273.5,0.897726
15,273.5,0.0514034
16,273.5,0.544757
17,273.5,0.897726
18,273.5,0.0514034
19,273.5,0.544757
20,273.5,0.214947
21,273.5,0.257034
1,274.5,0.0493362
2,274.5,0.214946
3,274.5,0.999791
4,274.5,0.024722
5,274.5,0.214946
6,274.5,0.999791
7,274.5,0.214946
8,274.5,0.0493362
9,274.5,0.214946
10,274.5,0.0493362
11,274.5,0.531611
12,274.5,0.901843
13,274.5,0.247015
14,274.5,0.901843
15,274.5,0.0493362
16,274.5,0.531611
17,274.5,0.901843
18,274.5,0.0493362
19,274.5,0.531611
20,274.5,0.214946
21,274.5,0.247015
1,275.5,0.0473595
2,275.5,0.214945
3,275.5,0.999803
4,275.5,0.0228855
5,275.5,0.214945
6,275.5,0.999803
7,275.5,0.214945
8,275.5,0.0473595
9,275.5,0.214945
10,275.5,0.0473595
11,275.5,0.51834
12,275.5,0.905813
13,275.5,0.237161
14,275.5,0.905813
15,275.5,0.0473595
16,275.5,0.51834
17,275.5,0.905813
18,275.5,0.0473595
19,275.5,0.51834
20,275.5,0.214945
21,275.5,0.237161
1,276.5,0.0454703
2,276.5,0.214945
3,276.5,0.999814
4,276.5,0.021163
5,276.5,0.214945
6,276.5,0.999814
7,276.5,0.214945
8,276.5,0.0454703
9,276.5,0.214945
10,276.5,0.0454703
11,276.5,0.504946
12,276.5,0.909638
13,276.5,0.227474
14,276.5,0.909638
15,276.5,0.0454703
16,276.5,0.504946
17,276.5,0.909638
18,276.5,0.0454703
19,276.5,0.504946
20,276.5,0.214945
21,276.5,0.227474
1,277.5,0.0436655
2,277.5,0.214944
3,277.5,0.999825
4,277.5,0.0195487
5,277.5,0.214944
6,277.5,0.999825
7,277.5,0.214944
8,277.5,0.0436655
9,277.5,0.214944
10,277.5,0.0436655
11,277.5,0.491432
12,277.5,0.913323
13,277.5,0.217956
14,277.5,0.913323
15,277.5,0.0436655
16,277.5,0.491432
17,277.5,0.913323
18,277.5,0.0436655
19,277.5,0.491432
20,277.5,0.214944
21,277.5,0.217956
1,278.5,0.0419423
2,278.5,0.214944
3,278.5,0.999835
4,278.5,0.0180371
5,278.5,0.214944
6,278.5,0.999835
7,278.5,0.214944
8,278.5,0.0419423
9,278.5,0.214944
10,278.5,0.0419423
11,278.5,0.477802
12,278.5,0.916871
13,278.5,0.208609
14,278.5,0.916871
15,278.5,0.0419423
16,278.5,0.477802
17,278.5,0.916871
18,278.5,0.0419423
19,278.5,0.477802
20,278.5,0.214944
21,278.5,0.208609
1,279.5,0.0402978
2,279.5,0.214944
3,279.5,0.999845
4,279.5,0.0166229
5,279.5,0.214944
6,279.5,0.999845
7,279.5,0.214944
8,279.5,0.0402978
9,279.5,0.214944
10,279.5,0.0402978
11,279.5,0.464059
12,279.5,0.920286
13,279.5,0.199434
14,279.5,0.920286
15,279.5,0.0402978
16,279.5,0.464059
17,279.5,0.920286
18,279.5,0.0402978
19,279.5,0.464059
20,279.5,0.214944
21,279.5,0.199434
1,280.5,0.0387291
2,280.5,0.214944
3,280.5,0.999854
4,280.5,0.0153008
5,280.5,0.214944
6,280.5,0.999854
7,280.5,0.214944
8,280.5,0.0387291
9,280.5,0.214944
10,280.5,0.0387291
11,280.5,0.450206
12,280.5,0.923573
13,280.5,0.190432
14,280.5,0.923573
15,280.5,0.0387291
16,280.5,0.450206
17,280.5,0.923573
18,280.5,0.0387291
19,280.5,0.450206
20,280.5,0.214944
21,280.5,0.190432
1,281.5,0.0372336
2,281.5,0.214944
3,281.5,0.999862
4,281.5,0.0140659
5,281.5,0.214944
6,281.5,0.999862
7,281.5,0.214944
8,281.5,0.0372336
9,281.5,0.214944
10,281.5,0.0372336
11,281.5,0.436247
12,281.5,0.926735
13,281.5,0.181606
14,281.5,0.926735
15,281.5,0.0372336
16,281.5,0.436247
17,281.5,0.926735
18,281.5,0.0372336
19,281.5,0.436247
20,281.5,0.214944
21,281.5,0.181606
1,282.5,0.0358084
2,282.5,0.214944
3,282.5,0.99987
4,282.5,0.0129134
5,282.5,0.214944
6,282.5,0.99987
7,282.5,0.214944
8,282.5,0.0358084
9,282.5,0.214944
10,282.5,0.0358084
11,282.5,0.422184
12,282.5,0.929777
13,282.5,0.172955
14,282.5,0.929777
15,282.5,0.0358084
16,282.5,0.422184
17,282.5,0.929777
18,282.5,0.0358084
19,282.5,0.422184
20,282.5,0.214944
21,282.5,0.172955
1,283.5,0.034451
2,283.5,0.214944
3,283.5,0.999878
4,283.5,0.0118386
5,283.5,0.214944
6,283.5,0.999878
7,283.5,0.214944
8,283.5,0.034451
9,283.5,0.214944
10,283.5,0.034451
11,283.5,0.408022
12,283.5,0.932701
13,283.5,0.164481
14,283.5,0.932701
15,283.5,0.034451
16,283.5,0.408022
17,283.5,0.932701
18,283.5,0.034451
19,283.5,0.408022
20,283.5,0.214944
21,283.5,0.164481
1,284.5,0.0331587
2,284.5,0.214944
3,284.5,0.999885
4,284.5,0.0108371
5,284.5,0.214944
6,284.5,0.999885
7,284.5,0.214944
8,284.5,0.0331587
9,284.5,0.214944
10,284.5,0.0331587
11,284.5,0.393764
12,284.5,0.935512
13,284.5,0.156183
14,284.5,0.935512
15,284.5,0.0331587
16,284.5,0.393764
17,284.5,0.935512
18,284.5,0.0331587
19,284.5,0.393764
20,284.5,0.214944
21,284.5,0.156183
1,285.5,0.031929
2,285.5,0.214944
3,285.5,0.999892
4,285.5,0.00990477
5,285.5,0.214944
6,285.5,0.999892
7,285.5,0.214944
8,285.5,0.031929
9,285.5,0.214944
10,285.5,0.031929
11,285.5,0.379412
12,285.5,0.938213
13,285.5,0.148063
14,285.5,0.938213
15,285.5,0.031929
16,285.5,0.379412
17,285.5,0.938213
18,285.5,0.031929
19,285.5,0.379412
20,285.5,0.214944
21,285.5,0.148063
1,286.5,0.0307595
2,286.5,0.214944
3,286.5,0.999898
4,286.5,0.00903745
5,286.5,0.214944
6,286.5,0.999898
7,286.5,0.214944
8,286.5,0.0307595
9,286.5,0.214944
10,286.5,0.0307595
11,286.5,0.36497
12,286.5,0.940808
13,286.5,0.14012
14,286.5,0.940808
15,286.5,0.0307595
16,286.5,0.36497
17,286.5,0.940808
18,286.5,0.0307595
19,286.5,0.36497
20,286.5,0.214944
21,286.5,0.14012
1,287.5,0.0296477
2,287.5,0.214944
3,287.5,0.999904
4,287.5,0.00823129
5,287.5,0.214944
6,287.5,0.999904
7,287.5,0.214944
8,287.5,0.0296477
9,287.5,0.214944
10,287.5,0.0296477
11,287.5,0.350442
12,287.5,0.943301
13,287.5,0.132354
14,287.5,0.943301
15,287.5,0.0296477
16,287.5,0.350442
17,287.5,0.943301
18,287.5,0.0296477
19,287.5,0.350442
20,287.5,0.214944
21,287.5,0.132354
1,288.5,0.0285914
2,288.5,0.214944
3,288.5,0.999909
4,288.5,0.00748258
5,288.5,0.214944
6,288.5,0.999909
7,288.5,0.214944
8,288.5,0.0285914
9,288.5,0.214944
10,288.5,0.0285914
11,288.5,0.335831
12,288.5,0.945695
13,288.5,0.124765
14,288.5,0.945695
15,288.5,0.0285914
16,288.5,0.335831
17,288.5,0.945695
18,288.5,0.0285914
19,288.5,0.335831
20,288.5,0.214944
21,288.5,0.124765
1,289.5,0.0275882
2,289.5,0.214944
3,289.5,0.999915
4,289.5,0.00678779
5,289.5,0.214944
6,289.5,0.999915
7,289.5,0.214944
8,289.5,0.0275882
9,289.5,0.214944
10,289.5,0.0275882
11,289.5,0.32114
12,289.5,0.947993
13,289.5,0.117352
14,289.5,0.947993
15,289.5,0.0275882
16,289.5,0.32114
17,289.5,0.947993
18,289.5,0.0275882
19,289.5,0.32114
20,289.5,0.214944
21,289.5,0.117352
1,290.5,0.0266359
2,290.5,0.214944
3,290.5,0.99992
4,290.5,0.00614356
5,290.5,0.214944
6,290.5,0.99992
7,290.5,0.214944
8,290.5,0.0266359
9,290.5,0.214944
10,290.5,0.0266359
11,290.5,0.306372
12,290.5,0.9502
13,290.5,0.110115
14,290.5,0.9502
15,290.5,0.0266359
16,290.5,0.306372
17,290.5,0.9502
18,290.5,0.0266359
19,290.5,0.306372
20,290.5,0.214944
21,290.5,0.110115
1,291.5,0.0257324
2,291.5,0.214944
3,291.5,0.999924
4,291.5,0.00554669
5,291.5,0.214944
6,291.5,0.999924
7,291.5,0.214944
8,291.5,0.0257324
9,291.5,0.214944
10,291.5,0.0257324
11,291.5,0.291531
12,291.5,0.952317
13,291.5,0.103052
14,291.5,0.952317
15,291.5,0.0257324
16,291.5,0.291531
17,291.5,0.952317
18,291.5,0.0257324
19,291.5,0.291531
20,291.5,0.214944
21,291.5,0.103052
1,292.5,0.0248755
2,292.5,0.214944
3,292.5,0.999929
4,292.5,0.00499416
5,292.5,0.214944
6,292.5,0.999929
7,292.5,0.214944
8,292.5,0.0248755
9,292.5,0.214944
10,292.5,0.0248755
11,292.5,0.276621
12,292.5,0.954349
13,292.5,0.0961637
14,292.5,0.954349
15,292.5,0.0248755
16,292.5,0.276621
17,292.5,0.954349
18,292.5,0.0248755
19,292.5,0.276621
20,292.5,0.214944
21,292.5,0.0961637
1,293.5,0.0240633
2,293.5,0.214944
3,293.5,0.999933
4,293.5,0.00448307
5,293.5,0.214944
6,293.5,0.999933
7,293.5,0.214944
8,293.5,0.0240633
9,293.5,0.214944
10,293.5,0.0240633
11,293.5,0.261643
12,293.5,0.956298
13,293.5,0.0894478
14,293.5,0.956298
15,293.5,0.0240633
16,293.5,0.261643
17,293.5,0.956298
18,293.5,0.0240633
19,293.5,0.261643
20,293.5,0.214944
21,293.5,0.0894478
1,294.5,0.0232939
2,294.5,0.214944
3,294.5,0.999937
4,294.5,0.00401071
5,294.5,0.214944
6,294.5,0.999937
7,294.5,0.214944
8,294.5,0.0232939
9,294.5,0.214944
10,294.5,0.0232939
11,294.5,0.246603
12,294.5,0.958167
13,294.5,0.0829032
14,294.5,0.958167
15,294.5,0.0232939
16,294.5,0.246603
17,294.5,0.958167
18,294.5,0.0232939
19,294.5,0.246603
20,294.5,0.214944
21,294.5,0.0829032
1,295.5,0.0225652
2,295.5,0.214944
3,295.5,0.99994
4,295.5,0.00357448
5,295.5,0.214944
6,295.5,0.99994
7,295.5,0.214944
8,295.5,0.0225652
9,295.5,0.214944
10,295.5,0.0225652
11,295.5,0.231502
12,295.5,0.95996
13,295.5,0.0765286
14,295.5,0.95996
15,295.5,0.0225652
16,295.5,0.231502
17,295.5,0.95996
18,295.5,0.0225652
19,295.5,0.231502
20,295.5,0.214944
21,295.5,0.0765286
1,296.5,0.0218756
2,296.5,0.214944
3,296.5,0.999944
4,296.5,0.00317195
5,296.5,0.214944
6,296.5,0.999944
7,296.5,0.214944
8,296.5,0.0218756
9,296.5,0.214944
10,296.5,0.0218756
11,296.5,0.216345
12,296.5,0.961679
13,296.5,0.0703225
14,296.5,0.961679
15,296.5,0.0218756
16,296.5,0.216345
17,296.5,0.961679
18,296.5,0.0218756
19,296.5,0.216345
20,296.5,0.214944
21,296.5,0.0703225
1,297.5,0.0212231
2,297.5,0.214944
3,297.5,0.999947
4,297.5,0.00280081
5,297.5,0.214944
6,297.5,0.999947
7,297.5,0.214944
8,297.5,0.0212231
9,297.5,0.214944
10,297.5,0.0212231
11,297.5,0.201134
12,297.5,0.963327
13,297.5,0.0642831
14,297.5,0.963327
15,297.5,0.0212231
16,297.5,0.201134
17,297.5,0.963327
18,297.5,0.0212231
19,297.5,0.201134
20,297.5,0.214944
21,297.5,0.0642831
1,298.5,0.0206061
2,298.5,0.214944
3,298.5,0.99995
4,298.5,0.00245889
5,298.5,0.214944
6,298.5,0.99995
7,298.5,0.214944
8,298.5,0.0206061
9,298.5,0.214944
10,298.5,0.0206061
11,298.5,0.185873
12,298.5,0.964907
13,298.5,0.0584087
14,298.5,0.964907
15,298.5,0.0206061
16,298.5,0.185873
17,298.5,0.964907
18,298.5,0.0206061
19,298.5,0.185873
20,298.5,0.214944
21,298.5,0.0584087
1,299.5,0.020023
2,299.5,0.214944
3,299.5,0.999953
4,299.5,0.00214413
5,299.5,0.214944
6,299.5,0.999953
7,299.5,0.214944
8,299.5,0.020023
9,299.5,0.214944
10,299.5,0.020023
11,299.5,0.170565
12,299.5,0.966421
13,299.5,0.0526973
14,299.5,0.966421
15,299.5,0.020023
16,299.5,0.170565
17,299.5,0.966421
18,299.5,0.020023
19,299.5,0.170565
20,299.5,0.214944
21,299.5,0.0526973
1,300.5,0.0194721
2,300.5,0.214944
3,300.5,0.999956
4,300.5,0.00185462
5,300.5,0.214944
6,300.5,0.999956
7,300.5,0.214944
8,300.5,0.0194721
9,300.5,0.214944
10,300.5,0.0194721
11,300.5,0.155214
12,300.5,0.967872
13,300.5,0.047147
14,300.5,0.967872
15,300.5,0.0194721
16,300.5,0.155214
17,300.5,0.967872
18,300.5,0.0194721
19,300.5,0.155214
20,300.5,0.214944
21,300.5,0.047147
1,301.5,0.0189519
2,301.5,0.214944
3,301.5,0.999958
4,301.5,0.00158854
5,301.5,0.214944
6,301.5,0.999958
7,301.5,0.214944
8,301.5,0.0189519
9,301.5,0.214944
10,301.5,0.0189519
11,301.5,0.139822
12,301.5,0.969263
13,301.5,0.0417557
14,301.5,0.969263
15,301.5,0.0189519
16,301.5,0.139822
17,301.5,0.969263
18,301.5,0.0189519
19,301.5,0.139822
20,301.5,0.214944
21,301.5,0.0417557
1,302.5,0.0184609
2,302.5,0.214944
3,302.5,0.999961
4,302.5,0.00134419
5,302.5,0.214944
6,302.5,0.999961
7,302.5,0.214944
8,302.5,0.0184609
9,302.5,0.214944
10,302.5,0.0184609
11,302.5,0.124393
12,302.5,0.970594
13,302.5,0.0365211
14,302.5,0.970594
15,302.5,0.0184609
16,302.5,0.124393
17,302.5,0.970594
18,302.5,0.0184609
19,302.5,0.124393
20,302.5,0.214944
21,302.5,0.0365211
1,303.5,0.0179977
2,303.5,0.214944
3,303.5,0.999963
4,303.5,0.00111997
5,303.5,0.214944
6,303.5,0.999963
7,303.5,0.214944
8,303.5,0.0179977
9,303.5,0.214944
10,303.5,0.0179977
11,303.5,0.10893
12,303.5,0.97187
13,303.5,0.031441
14,303.5,0.97187
15,303.5,0.0179977
16,303.5,0.10893
17,303.5,0.97187
18,303.5,0.0179977
19,303.5,0.10893
20,303.5,0.214944
21,303.5,0.031441
1,304.5,0.017561
2,304.5,0.214944
3,304.5,0.999965
4,304.5,0.000914384
5,304.5,0.214944
6,304.5,0.999965
7,304.5,0.214944
8,304.5,0.017561
9,304.5,0.214944
10,304.5,0.017561
11,304.5,0.0934361
12,304.5,0.973092
13,304.5,0.026513
14,304.5,0.973092
15,304.5,0.017561
16,304.5,0.0934361
17,304.5,0.973092
18,304.5,0.017561
19,304.5,0.0934361
20,304.5,0.214944
21,304.5,0.026513
1,305.5,0.0171494
2,305.5,0.214944
3,305.5,0.999967
4,305.5,0.000726038
5,305.5,0.214944
6,305.5,0.999967
7,305.5,0.214944
8,305.5,0.0171494
9,305.5,0.214944
10,305.5,0.0171494
11,305.5,0.0779145
12,305.5,0.974263
13,305.5,0.0217347
14,305.5,0.974263
15,305.5,0.0171494
16,305.5,0.0779145
17,305.5,0.974263
18,305.5,0.0171494
19,305.5,0.0779145
20,305.5,0.214944
21,305.5,0.0217347
1,306.5,0.0167617
2,306.5,0.214944
3,306.5,0.999969
4,306.5,0.000553622
5,306.5,0.214944
6,306.5,0.999969
7,306.5,0.214944
8,306.5,0.0167617
9,306.5,0.214944
10,306.5,0.0167617
11,306.5,0.0623684
12,306.5,0.975384
13,306.5,0.0171037
14,306.5,0.975384
15,306.5,0.0167617
16,306.5,0.0623684
17,306.5,0.975384
18,306.5,0.0167617
19,306.5,0.0623684
20,306.5,0.214944
21,306.5,0.0171037
1,307.5,0.0163966
2,307.5,0.214944
3,307.5,0.999971
4,307.5,0.000395912
5,307.5,0.214944
6,307.5,0.999971
7,307.5,0.214944
8,307.5,0.0163966
9,307.5,0.214944
10,307.5,0.0163966
11,307.5,0.0468007
12,307.5,0.976457
13,307.5,0.0126173
14,307.5,0.976457
15,307.5,0.0163966
16,307.5,0.0468007
17,307.5,0.976457
18,307.5,0.0163966
19,307.5,0.0468007
20,307.5,0.214944
21,307.5,0.0126173
1,308.5,0.016053
2,308.5,0.214944
3,308.5,0.999973
4,308.5,0.000251768
5,308.5,0.214944
6,308.5,0.999973
7,308.5,0.214944
8,308.5,0.016053
9,308.5,0.214944
10,308.5,0.016053
11,308.5,0.0312148
12,308.5,0.977484
13,308.5,0.00827303
14,308.5,0.977484
15,308.5,0.016053
16,308.5,0.0312148
17,308.5,0.977484
18,308.5,0.016053
19,308.5,0.0312148
20,308.5,0.214944
21,308.5,0.00827303
1,309.5,0.0157298
2,309.5,0.214944
3,309.5,0.999974
4,309.5,0.000120128
5,309.5,0.214944
6,309.5,0.999974
7,309.5,0.214944
8,309.5,0.0157298
9,309.5,0.214944
10,309.5,0.0157298
11,309.5,0.0156135
12,309.5,0.978468
13,309.5,0.00406815
14,309.5,0.978468
15,309.5,0.0157298
16,309.5,0.0156135
17,309.5,0.978468
18,309.5,0.0157298
19,309.5,0.0156135
20,309.5,0.214944
21,309.5,0.00406815
1,310.5,0.0154259
2,310.5,0.214944
3,310.5,0.999976
4,310.5,2.38563e-09
5,310.5,0.214944
6,310.5,0.999976
7,310.5,0.214944
8,310.5,0.0154259
9,310.5,0.214944
10,310.5,0.0154259
11,310.5,2.51112e-09
12,310.5,0.979409
13,310.5,2.44502e-09
14,310.5,0.979409
15,310.5,0.0154259
16,310.5,2.51112e-09
17,310.5,0.979409
18,310.5,0.0154259
19,310.5,2.51112e-09
20,310.5,0.214944
21,310.5,2.44502e-09
